{
    "version": "2.7.0",
    "description": "The 1Password command-line tool makes your 1Password account accessible entirely from the command line.",
    "homepage": "https://developer.1password.com/docs/cli",
    "license": {
        "identifier": "Shareware",
        "url": "https://1password.com/legal/terms-of-service/"
    },
    "architecture": {
        "64bit": {
            "url": "https://cache.agilebits.com/dist/1P/op2/pkg/v2.7.0/op_windows_amd64_v2.7.0.zip",
            "hash": "749638c09b90bf9bc6b438c22cad7e60f9d6cd3947b1547fe79c99c28597ae88"
        },
        "32bit": {
            "url": "https://cache.agilebits.com/dist/1P/op2/pkg/v2.7.0/op_windows_386_v2.7.0.zip",
            "hash": "3fdc4606ccc7a448704f13f7b97ef565de73e7e058e7d4c38481e89d26f8458b"
        }
    },
    "bin": "op.exe",
    "notes": [
        "1Password CLI v2 completely changes the commands schema! Either migrate your setup, following ",
        "instructions on https://developer.1password.com/docs/cli/upgrade/#step-2-update-your-scripts ",
        "or install 1Password CLI v1 from the Versions bucket."
    ],
    "checkver": {
        "url": "https://app-updates.agilebits.com/product_history/CLI2",
        "regex": "/op_windows_amd64_v([\\d.]+)\\.zip"
    },
    "autoupdate": {
        "architecture": {
            "64bit": {
                "url": "https://cache.agilebits.com/dist/1P/op2/pkg/v$version/op_windows_amd64_v$version.zip"
            },
            "32bit": {
                "url": "https://cache.agilebits.com/dist/1P/op2/pkg/v$version/op_windows_386_v$version.zip"
            }
        }
    }
}
