{
    "version": "0.2.0",
    "description": "A simple application deployment framework for Kubernetes.",
    "homepage": "https://acorn.io",
    "license": "Apache-2.0",
    "architecture": {
        "64bit": {
            "url": "https://github.com/acorn-io/acorn/releases/download/v0.2.0/acorn-v0.2.0-windows-amd64.zip",
            "hash": "ea91e40b864f34552a1f96603a2404fd738699d79595359ed1170994fc06655f"
        }
    },
    "bin": "acorn.exe",
    "checkver": {
        "github": "https://github.com/acorn-io/acorn"
    },
    "autoupdate": {
        "architecture": {
            "64bit": {
                "url": "https://github.com/acorn-io/acorn/releases/download/v$version/acorn-v$version-windows-amd64.zip"
            }
        },
        "hash": {
            "url": "$baseurl/checksums.txt"
        }
    }
}
