{
    "version": "0.2.31",
    "description": "Local Github actions runner.",
    "homepage": "https://github.com/nektos/act/",
    "license": "MIT",
    "architecture": {
        "64bit": {
            "url": "https://github.com/nektos/act/releases/download/v0.2.31/act_Windows_x86_64.zip",
            "hash": "721b6fd8c3fb010b6c908c317bd03c473793ca39404b4befbdc7ffcc089ec185"
        },
        "32bit": {
            "url": "https://github.com/nektos/act/releases/download/v0.2.31/act_Windows_i386.zip",
            "hash": "463010d10bf4482da733effa05fdcd601b88a10beb4036cda0a0692eeeef9367"
        }
    },
    "bin": "act.exe",
    "checkver": "github",
    "autoupdate": {
        "architecture": {
            "64bit": {
                "url": "https://github.com/nektos/act/releases/download/v$version/act_Windows_x86_64.zip"
            },
            "32bit": {
                "url": "https://github.com/nektos/act/releases/download/v$version/act_Windows_i386.zip"
            }
        },
        "hash": {
            "url": "$baseurl/checksums.txt"
        }
    }
}
