{
    "version": "0.70.1",
    "description": "Self-managed Kubernetes cluster provisioning on Azure",
    "homepage": "https://github.com/Azure/aks-engine",
    "license": "MIT",
    "architecture": {
        "64bit": {
            "url": "https://github.com/Azure/aks-engine/releases/download/v0.70.1/aks-engine-v0.70.1-windows-amd64.zip",
            "hash": "1727585d9f922835579103d1844f9910e0d1b154cbf61a248f968ea6ab0df985",
            "extract_dir": "aks-engine-v0.70.1-windows-amd64"
        }
    },
    "bin": "aks-engine.exe",
    "checkver": "github",
    "autoupdate": {
        "architecture": {
            "64bit": {
                "url": "https://github.com/Azure/aks-engine/releases/download/v$version/aks-engine-v$version-windows-amd64.zip",
                "extract_dir": "aks-engine-v$version-windows-amd64"
            }
        }
    }
}
