{
    "version": "1.14.0",
    "description": "Small self-contained pure-Go web server with Lua, Markdown, HTTP/2, QUIC, Redis and PostgreSQL support",
    "homepage": "https://algernon.roboticoverlords.org",
    "license": "MIT",
    "architecture": {
        "64bit": {
            "url": "https://github.com/xyproto/algernon/releases/download/v1.14.0/algernon-1.14.0-windows_x86_64_static.zip",
            "hash": "7824689f69067b48c370b8be6c812ffecbcfa4d3e36b37c00524e7875c2d0743",
            "extract_dir": "algernon-1.14.0-windows_x86_64_static"
        }
    },
    "bin": "algernon.exe",
    "checkver": {
        "github": "https://github.com/xyproto/algernon"
    },
    "autoupdate": {
        "architecture": {
            "64bit": {
                "url": "https://github.com/xyproto/algernon/releases/download/v$version/algernon-$version-windows_x86_64_static.zip",
                "extract_dir": "algernon-$version-windows_x86_64_static"
            }
        }
    }
}
