{
    "version": "3.0.125",
    "description": "Manage and use Alibaba Cloud resources.",
    "homepage": "https://github.com/aliyun/aliyun-cli",
    "license": "Apache-2.0",
    "architecture": {
        "64bit": {
            "url": "https://github.com/aliyun/aliyun-cli/releases/download/v3.0.125/aliyun-cli-windows-3.0.125-amd64.zip",
            "hash": "8cf94e8d1188b5d1d32e13af58d767d8c89a0c89502f265b44108be4b129e47b"
        }
    },
    "bin": "aliyun.exe",
    "checkver": "github",
    "autoupdate": {
        "architecture": {
            "64bit": {
                "url": "https://github.com/aliyun/aliyun-cli/releases/download/v$version/aliyun-cli-windows-$version-amd64.zip"
            }
        }
    }
}
