{
    "version": "2.19.0",
    "description": "A flexible lightweight multi-language test report tool",
    "homepage": "https://github.com/allure-framework/allure2",
    "license": "Apache-2.0",
    "url": "https://github.com/allure-framework/allure2/releases/download/2.19.0/allure-2.19.0.zip",
    "hash": "bd3be047b642b09f3a2eba8a922cc6a75813595296062606332a9ba7d28b2a84",
    "extract_dir": "allure-2.19.0",
    "bin": "bin\\allure.bat",
    "env_set": {
        "ALLURE_HOME": "$dir"
    },
    "checkver": "github",
    "autoupdate": {
        "url": "https://github.com/allure-framework/allure2/releases/download/$version/allure-$version.zip",
        "extract_dir": "allure-$version"
    }
}
