{
    "version": "8512546",
    "description": "The official Android command line tools",
    "homepage": "https://developer.android.com/studio#command-tools",
    "license": {
        "identifier": "Freeware",
        "url": "https://developer.android.com/studio/terms.html"
    },
    "notes": "You need to launch sdkmanager with --sdk_root=$env:ANDROID_SDK_ROOT.",
    "url": "https://dl.google.com/android/repository/commandlinetools-win-8512546_latest.zip",
    "hash": "9cea28ab5d8c2f4b607f91f1475c4f352f42702c42f53eee1e331d9e36eea572",
    "post_install": [
        "if (Test-Path \"$(appdir adb $global)\") {",
        "    New-Item \"$dir\\platform-tools\" -ItemType Junction -Target \"$(appdir adb $global)\\current\\platform-tools\" | Out-Null",
        "}"
    ],
    "env_add_path": "cmdline-tools\\bin",
    "env_set": {
        "ANDROID_SDK_ROOT": "$dir"
    },
    "persist": [
        "build-tools",
        "emulator",
        "extras",
        "licenses",
        "patcher",
        "platforms",
        "sources"
    ],
    "checkver": "commandlinetools-win-(\\d+)",
    "autoupdate": {
        "url": "https://dl.google.com/android/repository/commandlinetools-win-$version_latest.zip",
        "hash": {
            "url": "https://developer.android.com/studio",
            "regex": "commandlinetools-win(?:.*\\n){3}.*<td>($sha256)"
        }
    }
}
