{
    "version": "2.4.54",
    "description": "The Apache HTTP Server ('httpd')",
    "homepage": "https://www.apachelounge.com",
    "license": "Apache-2.0",
    "architecture": {
        "64bit": {
            "url": "https://fossies.org/windows/www/httpd-2.4.54-win64-VS16.zip",
            "hash": "368c1163b30584455ebe2a7a18609d58ff49b576073dce006b912d5db187649f"
        }
    },
    "extract_dir": "Apache24",
    "bin": [
        "bin\\ab.exe",
        "bin\\abs.exe",
        "bin\\htcacheclean.exe",
        "bin\\htdbm.exe",
        "bin\\htdigest.exe",
        "bin\\htpasswd.exe",
        "bin\\httpd.exe",
        "bin\\httxt2dbm.exe",
        "bin\\logresolve.exe",
        "bin\\rotatelogs.exe"
    ],
    "post_install": [
        "    # set directory in httpd.conf",
        "$conf = \"$dir\\conf\\httpd.conf\"",
        "$root= \"$dir\" -replace '\\\\', '/'",
        "((Get-Content $conf) -replace 'c:/Apache24', \"$root\") | Set-Content $conf"
    ],
    "persist": [
        "htdocs",
        "conf"
    ],
    "checkver": {
        "url": "https://fossies.org/windows/www/",
        "regex": "httpd-([\\d.]+)-win64-VS16\\.zip"
    },
    "autoupdate": {
        "architecture": {
            "64bit": {
                "url": "https://fossies.org/windows/www/httpd-$version-win64-VS16.zip"
            }
        },
        "hash": {
            "url": "$url_fossies.sha256"
        },
        "extract_dir": "Apache$majorVersion$minorVersion"
    }
}
