{
    "version": "0.27.0",
    "description": "Arduino command line interface",
    "homepage": "https://github.com/arduino/arduino-cli",
    "license": "GPL-3.0-or-later",
    "architecture": {
        "64bit": {
            "url": "https://github.com/arduino/arduino-cli/releases/download/0.27.0/arduino-cli_0.27.0_Windows_64bit.zip",
            "hash": "4adffdd30810ad5339884acbd757cf4ddae6160eab7711dd3571e5485014ff6b"
        },
        "32bit": {
            "url": "https://github.com/arduino/arduino-cli/releases/download/0.27.0/arduino-cli_0.27.0_Windows_32bit.zip",
            "hash": "ea566028a0830c61ca661cce414d37866fb9a1b08fae1e448469f4a129fcc144"
        }
    },
    "bin": "arduino-cli.exe",
    "checkver": "github",
    "autoupdate": {
        "architecture": {
            "64bit": {
                "url": "https://github.com/arduino/arduino-cli/releases/download/$version/arduino-cli_$version_Windows_64bit.zip"
            },
            "32bit": {
                "url": "https://github.com/arduino/arduino-cli/releases/download/$version/arduino-cli_$version_Windows_32bit.zip"
            }
        }
    }
}
