{
    "version": "0.4.5",
    "description": "A tool which offers an opinionated way of installing Argo-CD and managing GitOps repositories.",
    "homepage": "https://github.com/argoproj-labs/argocd-autopilot",
    "license": "Apache-2.0",
    "architecture": {
        "64bit": {
            "url": "https://github.com/argoproj-labs/argocd-autopilot/releases/download/v0.4.5/argocd-autopilot-windows-amd64.tar.gz",
            "hash": "0ce37f1e91ead281c159f6878b7d57eb1479a6223858ef7c0ad4c0b54dc05ce0"
        }
    },
    "pre_install": "Rename-Item \"$dir\\argocd-autopilot-windows-amd64\" 'argocd-autopilot.exe' -ErrorAction SilentlyContinue",
    "bin": "argocd-autopilot.exe",
    "checkver": "github",
    "autoupdate": {
        "architecture": {
            "64bit": {
                "url": "https://github.com/argoproj-labs/argocd-autopilot/releases/download/v$version/argocd-autopilot-windows-amd64.tar.gz",
                "hash": {
                    "url": "https://github.com/argoproj-labs/argocd-autopilot/releases/download/v$version/argocd-autopilot-windows-amd64.sha256"
                }
            }
        }
    }
}
