{
    "version": "3.3.9",
    "description": "Workflow engine for orchestrating parallel jobs on Kubernetes",
    "homepage": "https://github.com/argoproj/argo-workflows",
    "license": "Apache-2.0",
    "architecture": {
        "64bit": {
            "url": "https://github.com/argoproj/argo-workflows/releases/download/v3.3.9/argo-windows-amd64.exe.gz",
            "hash": "ea21e993e6df60f9494b793a733505c3d0141bff2f957729ca1f75a610fbeded"
        }
    },
    "pre_install": "Rename-Item $dir\\argo-windows-amd64.exe $dir\\argo.exe",
    "bin": "argo.exe",
    "checkver": "github",
    "autoupdate": {
        "architecture": {
            "64bit": {
                "url": "https://github.com/argoproj/argo-workflows/releases/download/v$version/argo-windows-amd64.exe.gz"
            }
        },
        "hash": {
            "url": "$url.sha256"
        }
    }
}
