{
    "version": "2.5.5",
    "description": "Asciidoctor integration & API for Java and other JVM languages",
    "homepage": "https://asciidoctor.org/docs/asciidoctorj",
    "license": "Apache-2.0",
    "suggest": {
        "JDK": "java/openjdk"
    },
    "url": "https://repo1.maven.org/maven2/org/asciidoctor/asciidoctorj/2.5.5/asciidoctorj-2.5.5-bin.zip",
    "hash": "dcef87a6f09a1fbfa76aecd5b1cab63fa9c6d263385d1f8ce3acc03be73b6a1a",
    "extract_dir": "asciidoctorj-2.5.5",
    "bin": "bin\\asciidoctorj.bat",
    "checkver": {
        "url": "https://repo1.maven.org/maven2/org/asciidoctor/asciidoctorj/maven-metadata.xml",
        "xpath": "/metadata/versioning/latest"
    },
    "autoupdate": {
        "url": "https://repo1.maven.org/maven2/org/asciidoctor/asciidoctorj/$version/asciidoctorj-$version-bin.zip",
        "hash": {
            "url": "$url.sha256"
        },
        "extract_dir": "asciidoctorj-$version"
    }
}
