{
    "version": "0.5.9",
    "description": "A tool to use AWS IAM credentials to authenticate to a Kubernetes cluster",
    "homepage": "https://github.com/kubernetes-sigs/aws-iam-authenticator",
    "license": "Apache-2.0",
    "architecture": {
        "64bit": {
            "url": "https://github.com/kubernetes-sigs/aws-iam-authenticator/releases/download/v0.5.9/aws-iam-authenticator_0.5.9_windows_amd64.exe#/aws-iam-authenticator.exe",
            "hash": "b7345e06c5f1d31b9459a38baffe0744343711cb5042cb31ff1e072d870c42f9"
        }
    },
    "bin": "aws-iam-authenticator.exe",
    "checkver": "github",
    "autoupdate": {
        "architecture": {
            "64bit": {
                "url": "https://github.com/kubernetes-sigs/aws-iam-authenticator/releases/download/v$version/aws-iam-authenticator_$version_windows_amd64.exe#/aws-iam-authenticator.exe"
            }
        },
        "hash": {
            "url": "$baseurl/authenticator_$version_checksums.txt"
        }
    }
}
