{
    "version": "9.2.1",
    "description": "A unified toolchain to create, integrate, and manage the AWS cloud services for your app.",
    "homepage": "https://docs.amplify.aws/cli",
    "license": "Apache-2.0",
    "architecture": {
        "64bit": {
            "url": "https://github.com/aws-amplify/amplify-cli/releases/download/v9.2.1/amplify-pkg-win.exe.tgz",
            "hash": "fd6e4f2d11b89659a0b1ac508c9ede8de817d1eb655e8c0cd9012a5dd66a9bfa"
        }
    },
    "pre_install": "Rename-Item \"$dir\\amplify-pkg-win.exe\" 'amplify.exe'",
    "bin": "amplify.exe",
    "checkver": {
        "github": "https://github.com/aws-amplify/amplify-cli"
    },
    "autoupdate": {
        "architecture": {
            "64bit": {
                "url": "https://github.com/aws-amplify/amplify-cli/releases/download/v$version/amplify-pkg-win.exe.tgz"
            }
        }
    }
}
