{
    "version": "1.56.0",
    "description": "Build, test, debug, and deploy Serverless applications from CLI",
    "homepage": "https://aws.amazon.com/serverless/sam/",
    "license": "Apache-2.0",
    "suggest": {
        "AWS CLI": "aws"
    },
    "architecture": {
        "64bit": {
            "url": "https://github.com/aws/aws-sam-cli/releases/download/v1.56.0/AWS_SAM_CLI_64_PY3.msi",
            "hash": "1622a50e8b227663e3a81f89dd4b907ac6cf9d06890e369599a61cecb50f08a7"
        }
    },
    "extract_dir": "Amazon\\AWSSAMCLI",
    "bin": [
        "bin\\sam.cmd",
        [
            "bin\\sam.cmd",
            "aws-sam-cli"
        ]
    ],
    "checkver": {
        "github": "https://github.com/aws/aws-sam-cli"
    },
    "autoupdate": {
        "architecture": {
            "64bit": {
                "url": "https://github.com/aws/aws-sam-cli/releases/download/v$version/AWS_SAM_CLI_64_PY3.msi"
            }
        },
        "hash": {
            "url": "https://github.com/aws/aws-sam-cli/releases/tag/v$version",
            "regex": "(?sm)>$basename</.*?>\\s*$sha256</"
        }
    }
}
