{
    "version": "2.7.29",
    "description": "Unified tool to manage AWS services",
    "homepage": "https://aws.amazon.com/cli/",
    "license": "Apache-2.0",
    "architecture": {
        "64bit": {
            "url": "https://awscli.amazonaws.com/AWSCLIV2-2.7.29.msi",
            "hash": "dc86d8d03baf8b53558d0052ba4778d96823c055235eefa2b6dbb0fda8e19636"
        }
    },
    "extract_dir": "Amazon\\AWSCLIV2",
    "bin": [
        "aws.exe",
        "aws_completer.exe"
    ],
    "checkver": {
        "url": "https://api.github.com/repos/aws/aws-cli/tags",
        "jsonpath": "$[0].name"
    },
    "autoupdate": {
        "architecture": {
            "64bit": {
                "url": "https://awscli.amazonaws.com/AWSCLIV2-$version.msi"
            }
        }
    }
}
