{
    "version": "0.6.0",
    "description": "Azure Terrafy",
    "homepage": "https://github.com/Azure/aztfy",
    "license": "MIT",
    "architecture": {
        "64bit": {
            "url": "https://github.com/Azure/aztfy/releases/download/v0.6.0/aztfy_v0.6.0_windows_amd64.zip",
            "hash": "9e730dad9cec91d9438dba49a359b93573a72d473aa0d9a9f2064f10b0bb3005"
        },
        "32bit": {
            "url": "https://github.com/Azure/aztfy/releases/download/v0.6.0/aztfy_v0.6.0_windows_386.zip",
            "hash": "5da194a8073efe25e60ba7bd75f76e6f7357a91c0c0c9b3c64509664085ac647"
        }
    },
    "bin": "aztfy.exe",
    "checkver": "github",
    "autoupdate": {
        "architecture": {
            "64bit": {
                "url": "https://github.com/Azure/aztfy/releases/download/v$version/aztfy_v$version_windows_amd64.zip"
            },
            "32bit": {
                "url": "https://github.com/Azure/aztfy/releases/download/v$version/aztfy_v$version_windows_386.zip"
            }
        },
        "hash": {
            "url": "$baseurl/aztfy_v$version_SHA256SUMS"
        }
    }
}
