{
    "version": "2.40.0",
    "description": "Microsoft Azure CLI 2.0",
    "homepage": "https://aka.ms/cli",
    "license": "MIT",
    "url": "https://azurecliprod.azureedge.net/msi/azure-cli-2.40.0.msi",
    "hash": "563c21ee4de445912d6d86df57d25c73574b421b41b3e7afaf20063c81a20bcf",
    "extract_dir": "Microsoft SDKs\\Azure\\CLI2",
    "bin": "wbin\\az.cmd",
    "checkver": {
        "github": "https://github.com/Azure/azure-cli",
        "regex": "/releases/tag/azure-cli-([\\d.]+)"
    },
    "autoupdate": {
        "url": "https://azurecliprod.azureedge.net/msi/azure-cli-$version.msi"
    },
    "env_set": {
        "AzureCLIPath": "$dir\\wbin",
        "AZURE_CLI_PATH": "$dir\\wbin"
    }
}
