{
    "version": "0.0.20",
    "description": "A client-go credential (exec) plugin implementing Azure authentication.",
    "homepage": "https://github.com/Azure/kubelogin/",
    "license": "MIT",
    "architecture": {
        "64bit": {
            "url": "https://github.com/Azure/kubelogin/releases/download/v0.0.20/kubelogin-win-amd64.zip",
            "hash": "7d7cf52dfff626378a82bf214ba07d0ba6b69045cb0524ea67f7fd20c84c1ae3"
        }
    },
    "bin": "bin\\windows_amd64\\kubelogin.exe",
    "checkver": "github",
    "autoupdate": {
        "architecture": {
            "64bit": {
                "url": "https://github.com/Azure/kubelogin/releases/download/v$version/kubelogin-win-amd64.zip"
            }
        },
        "hash": {
            "url": "$url.sha256"
        }
    }
}
