{
    "version": "3.5.0",
    "description": "Command-line tool that gives easy access to all of the capabilities of B2 Cloud Storage",
    "homepage": "https://www.backblaze.com/b2/docs/quick_command_line.html",
    "license": "MIT",
    "architecture": {
        "64bit": {
            "url": "https://github.com/Backblaze/B2_Command_Line_Tool/releases/download/v3.5.0/b2-windows.exe#/b2.exe",
            "hash": "3068722fef947f25e633b4559a209834ac93b2e18ea2034c3b928a407590ae56"
        }
    },
    "bin": "b2.exe",
    "checkver": {
        "github": "https://github.com/Backblaze/B2_Command_Line_Tool"
    },
    "autoupdate": {
        "architecture": {
            "64bit": {
                "url": "https://github.com/Backblaze/B2_Command_Line_Tool/releases/download/v$version/b2-windows.exe#/b2.exe"
            }
        }
    }
}
