{
    "version": "2022.8.0",
    "description": "The powerful command-line tool (CLI) to write and execute scripts on your Bitwarden vault.",
    "homepage": "https://bitwarden.com/",
    "license": "GPL-3.0-or-later",
    "architecture": {
        "64bit": {
            "url": "https://github.com/bitwarden/clients/releases/download/cli-v2022.8.0/bw-windows-2022.8.0.zip",
            "hash": "75342324f8e6be2c24bd4ffa17ce47ca89766c75d6f4a5d3b1a91b6f3e50bf41"
        }
    },
    "bin": "bw.exe",
    "checkver": {
        "url": "https://github.com/bitwarden/clients/releases.atom",
        "regex": "\\/cli-v([\\d.]+)<\\/id>"
    },
    "autoupdate": {
        "architecture": {
            "64bit": {
                "url": "https://github.com/bitwarden/clients/releases/download/cli-v$version/bw-windows-$version.zip",
                "hash": {
                    "url": "$baseurl/bw-windows-sha256-$version.txt"
                }
            }
        }
    }
}
