{
    "version": "0.6.8",
    "description": "Graphical process/system monitor",
    "homepage": "https://github.com/ClementTsang/bottom",
    "license": "MIT",
    "architecture": {
        "64bit": {
            "url": "https://github.com/ClementTsang/bottom/releases/download/0.6.8/bottom_x86_64-pc-windows-msvc.zip",
            "hash": "fe69c4c52e1935c4ef51151bdd6a387d1077833572770bcb413ed1900c0f2360"
        },
        "32bit": {
            "url": "https://github.com/ClementTsang/bottom/releases/download/0.6.8/bottom_i686-pc-windows-msvc.zip",
            "hash": "81f4e30c1d499c8fffdaabf4a9c945d539c468b2082acf1b83653e3a046a72a2"
        }
    },
    "bin": "btm.exe",
    "checkver": "github",
    "autoupdate": {
        "architecture": {
            "64bit": {
                "url": "https://github.com/ClementTsang/bottom/releases/download/$version/bottom_x86_64-pc-windows-msvc.zip"
            },
            "32bit": {
                "url": "https://github.com/ClementTsang/bottom/releases/download/$version/bottom_i686-pc-windows-msvc.zip"
            }
        }
    }
}
