{
    "version": "1.14.2",
    "description": "A new way to see and navigate directory trees",
    "homepage": "https://dystroy.org/broot/",
    "license": "MIT",
    "architecture": {
        "64bit": {
            "url": "https://github.com/Canop/broot/releases/download/v1.14.2/broot_1.14.2.zip",
            "hash": "4e9bc7d5bc793deec387700c2258339b51e2dd499b41c010f8e0027e6a5d854c",
            "extract_dir": "x86_64-pc-windows-gnu"
        }
    },
    "bin": "broot.exe",
    "checkver": {
        "github": "https://github.com/Canop/broot"
    },
    "autoupdate": {
        "architecture": {
            "64bit": {
                "url": "https://github.com/Canop/broot/releases/download/v$version/broot_$version.zip"
            }
        }
    }
}
