{
    "version": "1.7.0",
    "description": "A tool for working with Protocol Buffers APIs, offering a range of features not found in the standard protoc compiler.",
    "homepage": "https://buf.build/",
    "license": "Apache-2.0",
    "architecture": {
        "64bit": {
            "url": "https://github.com/bufbuild/buf/releases/download/v1.7.0/buf-Windows-x86_64.exe#/buf.exe",
            "hash": "08c636bcd621901ccc0711b2e793aeb56a8093e671f2c072a89b5998423f0097"
        }
    },
    "bin": "buf.exe",
    "checkver": {
        "github": "https://github.com/bufbuild/buf"
    },
    "autoupdate": {
        "architecture": {
            "64bit": {
                "url": "https://github.com/bufbuild/buf/releases/download/v$version/buf-Windows-x86_64.exe#/buf.exe"
            }
        },
        "hash": {
            "url": "$baseurl/sha256.txt"
        }
    }
}
