{
    "version": "0.18.8",
    "description": "A Go web development eco-system, designed to make the life of a Go web developer easier.",
    "homepage": "https://gobuffalo.io/en",
    "license": "MIT",
    "architecture": {
        "64bit": {
            "url": "https://github.com/gobuffalo/cli/releases/download/v0.18.8/buffalo_0.18.8_windows_x86_64.tar.gz",
            "hash": "e55eb5656264a7c2940df4742f76639ac12eae9dc50f20a187862ee86c824136"
        },
        "32bit": {
            "url": "https://github.com/gobuffalo/cli/releases/download/v0.18.8/buffalo_0.18.8_windows_i386.tar.gz",
            "hash": "8e33e6cd87c4fb15b332004b85e1b366a4c16e54e31e997f0f6284bfb8929fe6"
        }
    },
    "bin": "buffalo.exe",
    "checkver": {
        "github": "https://github.com/gobuffalo/cli"
    },
    "autoupdate": {
        "architecture": {
            "64bit": {
                "url": "https://github.com/gobuffalo/cli/releases/download/v$version/buffalo_$version_windows_x86_64.tar.gz"
            },
            "32bit": {
                "url": "https://github.com/gobuffalo/cli/releases/download/v$version/buffalo_$version_windows_i386.tar.gz"
            }
        },
        "hash": {
            "url": "$baseurl/checksums.txt"
        }
    }
}
