{
    "##": "Do not extract hash, it's not up to date.",
    "version": "2022-07-19",
    "description": "CA certificates extracted from the Mozilla CA certificate store, in PEM format",
    "homepage": "https://curl.haxx.se/docs/caextract.html",
    "license": "MPL-2.0",
    "url": "https://curl.haxx.se/ca/cacert-2022-07-19.pem#/cacert.pem",
    "hash": "6ed95025fba2aef0ce7b647607225745624497f876d74ef6ec22b26e73e9de77",
    "post_install": "if (Test-Path \"$(appdir curl $global)\") { Copy-Item \"$dir\\cacert.pem\" \"$(appdir curl $global)\\current\\bin\\curl-ca-bundle.crt\" }",
    "checkver": "cacert-([\\d-]+)\\.pem",
    "autoupdate": {
        "url": "https://curl.haxx.se/ca/cacert-$version.pem#/cacert.pem"
    }
}
