{
    "version": "1.7.7",
    "description": "A fast TCP tunnel over HTTP",
    "homepage": "https://github.com/jpillora/chisel",
    "license": "MIT",
    "architecture": {
        "64bit": {
            "url": "https://github.com/jpillora/chisel/releases/download/v1.7.7/chisel_1.7.7_windows_amd64.gz",
            "hash": "b47e50a181795a89f5972e7a4c06bf93a81cb8b15fc173ffcb526bac16f71f09"
        },
        "32bit": {
            "url": "https://github.com/jpillora/chisel/releases/download/v1.7.7/chisel_1.7.7_windows_386.gz",
            "hash": "36cbfc729051ef456ce4f71973619ce33c05ef4c3072a6cdf4e1ff555ab5a231"
        }
    },
    "bin": "chisel.exe",
    "checkver": "github",
    "autoupdate": {
        "architecture": {
            "64bit": {
                "url": "https://github.com/jpillora/chisel/releases/download/v$version/chisel_$version_windows_amd64.gz"
            },
            "32bit": {
                "url": "https://github.com/jpillora/chisel/releases/download/v$version/chisel_$version_windows_386.gz"
            }
        },
        "hash": {
            "url": "$baseurl/chisel_$version_checksums.txt"
        }
    }
}
