{
    "version": "105.0.5195.52",
    "description": "An open source tool for automated testing of webapps across many browsers",
    "homepage": "https://chromedriver.chromium.org/",
    "license": "BSD-3-Clause",
    "url": "https://chromedriver.storage.googleapis.com/105.0.5195.52/chromedriver_win32.zip",
    "hash": "md5:b316999de7e856721f87438c3e870295",
    "bin": "chromedriver.exe",
    "checkver": "stable.*?([\\d.]+)<",
    "autoupdate": {
        "url": "https://chromedriver.storage.googleapis.com/$version/chromedriver_win32.zip",
        "hash": {
            "url": "https://chromedriver.storage.googleapis.com/?prefix=$version/",
            "regex": "$version/$basename.*?\"$md5\""
        }
    }
}
