{
    "version": "0.1.20856",
    "description": "Set of CircleCI’s advanced and powerful tools.",
    "homepage": "https://circleci-public.github.io/circleci-cli/",
    "license": "MIT",
    "architecture": {
        "64bit": {
            "url": "https://github.com/CircleCI-Public/circleci-cli/releases/download/v0.1.20856/circleci-cli_0.1.20856_windows_amd64.zip",
            "hash": "2ca49d4919488db358af6af2384cbefa7480c8cd03a4368732ae8ad4868feff8",
            "extract_dir": "circleci-cli_0.1.20856_windows_amd64"
        }
    },
    "bin": "circleci.exe",
    "checkver": {
        "github": "https://github.com/CircleCI-Public/circleci-cli"
    },
    "autoupdate": {
        "architecture": {
            "64bit": {
                "url": "https://github.com/CircleCI-Public/circleci-cli/releases/download/v$version/circleci-cli_$version_windows_amd64.zip",
                "extract_dir": "circleci-cli_$version_windows_amd64"
            }
        },
        "hash": {
            "url": "$baseurl/circleci-cli_$version_checksums.txt"
        }
    }
}
