{
    "version": "1.3.42",
    "description": "Powerful Bash-style command line editing for cmd.exe",
    "homepage": "https://chrisant996.github.io/clink/",
    "license": "GPL-3.0-only",
    "notes": [
        "Run 'clink inject' to start clink on the current cmd",
        "Run 'clink autorun install' to auto start clink"
    ],
    "url": "https://github.com/chrisant996/clink/releases/download/v1.3.42/clink.1.3.42.ef446e.zip",
    "hash": "b3ee5d68178647a817575bc9aae6a6b7688898f69cfe303de5f97d180afcba5c",
    "bin": "clink.bat",
    "checkver": {
        "github": "https://github.com/chrisant996/clink",
        "regex": "/v(?<tag>[\\d.]+)/clink\\.([\\d.]+)\\.(?<commit>[\\w.]+)\\.zip"
    },
    "autoupdate": {
        "url": "https://github.com/chrisant996/clink/releases/download/v$matchTag/clink.$version.$matchCommit.zip"
    }
}
