{
    "version": "0.19.0",
    "description": "A tool for cleaning up your cloud accounts by nuking (deleting) all resources within it",
    "homepage": "https://github.com/gruntwork-io/cloud-nuke",
    "license": "MIT",
    "architecture": {
        "64bit": {
            "url": "https://github.com/gruntwork-io/cloud-nuke/releases/download/v0.19.0/cloud-nuke_windows_amd64.exe#/cloud-nuke.exe",
            "hash": "e7349dbb5f9e9be95ee9c83c4480f938d0db2fe23fb2b38c78a1ca64612fd748"
        },
        "32bit": {
            "url": "https://github.com/gruntwork-io/cloud-nuke/releases/download/v0.19.0/cloud-nuke_windows_386.exe#/cloud-nuke.exe",
            "hash": "07fe9e9046fd32bac6f4061240e629119579301dd63b218cd028b0da758647dc"
        }
    },
    "bin": "cloud-nuke.exe",
    "checkver": "github",
    "autoupdate": {
        "architecture": {
            "64bit": {
                "url": "https://github.com/gruntwork-io/cloud-nuke/releases/download/v$version/cloud-nuke_windows_amd64.exe#/cloud-nuke.exe"
            },
            "32bit": {
                "url": "https://github.com/gruntwork-io/cloud-nuke/releases/download/v$version/cloud-nuke_windows_386.exe#/cloud-nuke.exe"
            }
        },
        "hash": {
            "url": "$baseurl/SHA256SUMS"
        }
    }
}
