{
    "version": "2022.8.4",
    "description": "Command-line client to interact with Cloudflare Tunnel, Cloudflare Access, start up a DNS over HTTPS resolver and more.",
    "homepage": "https://github.com/cloudflare/cloudflared",
    "license": "Apache-2.0",
    "architecture": {
        "64bit": {
            "url": "https://github.com/cloudflare/cloudflared/releases/download/2022.8.4/cloudflared-windows-amd64.exe#/cloudflared.exe",
            "hash": "4017cad7c5f5a4f20f1d684f949972a8c4f466f5eef8c367846a49fd828d8af4"
        },
        "32bit": {
            "url": "https://github.com/cloudflare/cloudflared/releases/download/2022.8.4/cloudflared-windows-386.exe#/cloudflared.exe",
            "hash": "d749d6fb190ec3f87b60d688dea6a197e48c841c633239e3d1a98ce9afad0273"
        }
    },
    "bin": "cloudflared.exe",
    "checkver": "github",
    "autoupdate": {
        "architecture": {
            "64bit": {
                "url": "https://github.com/cloudflare/cloudflared/releases/download/$version/cloudflared-windows-amd64.exe#/cloudflared.exe"
            },
            "32bit": {
                "url": "https://github.com/cloudflare/cloudflared/releases/download/$version/cloudflared-windows-386.exe#/cloudflared.exe"
            }
        }
    }
}
