{
    "version": "0.8.11",
    "description": "Creates remote development machines so your team can develop from anywhere.",
    "homepage": "https://coder.com/",
    "license": "AGPL-3.0-or-later",
    "architecture": {
        "64bit": {
            "url": "https://github.com/coder/coder/releases/download/v0.8.11/coder_0.8.11_windows_amd64.zip",
            "hash": "4ac4a31f1f5c0074032fda48c36431b71d7bf0cd5a1a877d1a88d06d60c6e3f6"
        }
    },
    "bin": "coder.exe",
    "env_set": {
        "CODER_CONFIG_DIR": "$dir\\config"
    },
    "persist": "config",
    "checkver": {
        "github": "https://github.com/coder/coder"
    },
    "autoupdate": {
        "architecture": {
            "64bit": {
                "url": "https://github.com/coder/coder/releases/download/v$version/coder_$version_windows_amd64.zip"
            }
        },
        "hash": {
            "url": "$baseurl/coder_$version_checksums.txt"
        }
    }
}
