{
    "version": "1.52.0",
    "description": "The open-source, decentralized C/C++ package manager",
    "homepage": "https://conan.io",
    "license": "MIT",
    "architecture": {
        "64bit": {
            "url": "https://github.com/conan-io/conan/releases/download/1.52.0/conan-win-64.exe",
            "hash": "c789e5ed8cb5f3424d3515ea6ba9d550dccf11917f298c09e288b3edc1982b82"
        },
        "32bit": {
            "url": "https://github.com/conan-io/conan/releases/download/1.52.0/conan-win-32.exe",
            "hash": "4c5171e45ddb8132ac03878ed443d45d632178d366f2eedbf088f3d28c3d611f"
        }
    },
    "innosetup": true,
    "bin": [
        "conan\\conan.exe",
        "conan\\conan_build_info.exe",
        "conan\\conan_server.exe"
    ],
    "checkver": {
        "github": "https://github.com/conan-io/conan"
    },
    "autoupdate": {
        "architecture": {
            "64bit": {
                "url": "https://github.com/conan-io/conan/releases/download/$version/conan-win-64.exe"
            },
            "32bit": {
                "url": "https://github.com/conan-io/conan/releases/download/$version/conan-win-32.exe"
            }
        }
    }
}
