{
    "version": "0.34.0",
    "description": "Test utility for structured configuration files",
    "homepage": "https://www.conftest.dev",
    "license": "Apache-2.0",
    "architecture": {
        "64bit": {
            "url": "https://github.com/open-policy-agent/conftest/releases/download/v0.34.0/conftest_0.34.0_Windows_x86_64.zip",
            "hash": "b97a7932315697e68266b2b2604c04e7ee192672046fe62b6fbb512079108527"
        }
    },
    "bin": "conftest.exe",
    "checkver": {
        "github": "https://github.com/open-policy-agent/conftest"
    },
    "autoupdate": {
        "architecture": {
            "64bit": {
                "url": "https://github.com/open-policy-agent/conftest/releases/download/v$version/conftest_$version_Windows_x86_64.zip"
            }
        },
        "hash": {
            "url": "$baseurl/checksums.txt"
        }
    }
}
