{
    "version": "1.6.8",
    "description": "An open and reliable container runtime",
    "homepage": "https://containerd.io",
    "license": "Apache-2.0",
    "architecture": {
        "64bit": {
            "url": "https://github.com/containerd/containerd/releases/download/v1.6.8/containerd-1.6.8-windows-amd64.tar.gz",
            "hash": "a730024b8ce7fe3614bfc4736e131ff24ee52cf636046a7856cbb3f42e23437a"
        }
    },
    "bin": [
        "bin\\containerd.exe",
        "bin\\containerd-shim-runhcs-v1.exe",
        "bin\\ctr.exe"
    ],
    "checkver": {
        "github": "https://github.com/containerd/containerd"
    },
    "autoupdate": {
        "architecture": {
            "64bit": {
                "url": "https://github.com/containerd/containerd/releases/download/v$version/containerd-$version-windows-amd64.tar.gz"
            }
        },
        "hash": {
            "url": "$url.sha256sum"
        }
    },
    "notes": [
        "To register containerd as a service, run `containerd --register-service` as an elevated user",
        "To start the containerd service, run `Start-Service containerd` in PowerShell",
        "or `sc start containerd` in Cmd."
    ]
}
