{
    "version": "1.9.3",
    "description": "A DNS server/forwarder, that chains plugins.",
    "homepage": "https://coredns.io",
    "license": "Apache-2.0",
    "architecture": {
        "64bit": {
            "url": "https://github.com/coredns/coredns/releases/download/v1.9.3/coredns_1.9.3_windows_amd64.tgz",
            "hash": "4ff1a34d505aa7ccc39ede5500ef84d631aca6dabad077e54d8085b4d130544c"
        }
    },
    "bin": "coredns.exe",
    "checkver": {
        "github": "https://github.com/coredns/coredns"
    },
    "autoupdate": {
        "architecture": {
            "64bit": {
                "url": "https://github.com/coredns/coredns/releases/download/v$version/coredns_$version_windows_amd64.tgz"
            }
        },
        "hash": {
            "url": "$url.sha256"
        }
    }
}
