{
    "version": "1.11.1",
    "description": "Container Signing, Verification and Storage in an OCI registry.",
    "homepage": "https://github.com/sigstore/cosign",
    "license": "Apache-2.0",
    "architecture": {
        "64bit": {
            "url": "https://github.com/sigstore/cosign/releases/download/v1.11.1/cosign-windows-amd64.exe#/cosign.exe",
            "hash": "750e1b9e383d5d1f9782176a63121c4f310ad4cbd2262c8fde6fe4086090c164"
        }
    },
    "bin": "cosign.exe",
    "checkver": "github",
    "autoupdate": {
        "architecture": {
            "64bit": {
                "url": "https://github.com/sigstore/cosign/releases/download/v$version/cosign-windows-amd64.exe#/cosign.exe"
            }
        },
        "hash": {
            "url": "$baseurl/cosign_checksums.txt",
            "regex": "(?im)^$sha256\\s+$basename$"
        }
    }
}
