{
    "version": "2.1.0-M6-53-gb4f448130",
    "description": "Pure Scala Artifact Fetching",
    "homepage": "https://github.com/coursier/coursier",
    "license": "Apache-2.0",
    "url": "https://github.com/coursier/coursier/releases/download/v2.1.0-M6-53-gb4f448130/coursier#/coursier.jar",
    "hash": "0a23cabb8a41184aa2ab7318ed2be87b81f8bf88bedad1fd2f42b331f11e96fc",
    "bin": "coursier.jar",
    "env_set": {
        "COURSIER_CACHE": "$dir\\cache",
        "COURSIER_BIN_DIR": "$dir\\bin"
    },
    "env_add_path": "bin",
    "persist": [
        "cache",
        "bin"
    ],
    "checkver": {
        "url": "https://github.com/coursier/coursier/releases",
        "regex": "tag/v([\\w\\.-]+)"
    },
    "autoupdate": {
        "url": "https://github.com/coursier/coursier/releases/download/v$version/coursier#/coursier.jar"
    }
}
