{
    "version": "9.6.0",
    "description": "Easily and securely send things from one computer to another.",
    "homepage": "https://schollz.com/software/croc6",
    "license": "MIT",
    "architecture": {
        "64bit": {
            "url": "https://github.com/schollz/croc/releases/download/v9.6.0/croc_9.6.0_Windows-64bit.zip",
            "hash": "9b96a8891da7419abaf4a0d7dddc641da62c315147263f6c4a3e24d85a2eb7c1"
        },
        "32bit": {
            "url": "https://github.com/schollz/croc/releases/download/v9.6.0/croc_9.6.0_Windows-32bit.zip",
            "hash": "0c7c16e2456c4a3f25e1146f129c5588c781d1a7ed5e5a65476409369eb58628"
        }
    },
    "bin": "croc.exe",
    "checkver": {
        "github": "https://github.com/schollz/croc"
    },
    "autoupdate": {
        "architecture": {
            "64bit": {
                "url": "https://github.com/schollz/croc/releases/download/v$version/croc_$version_Windows-64bit.zip"
            },
            "32bit": {
                "url": "https://github.com/schollz/croc/releases/download/v$version/croc_$version_Windows-32bit.zip"
            }
        },
        "hash": {
            "url": "$baseurl/croc_$version_checksums.txt"
        }
    }
}
