{
    "version": "1.1.0",
    "description": "A high performance csv viewer with cjk/emoji support",
    "homepage": "https://github.com/wfxr/csview",
    "license": "MIT|Apache-2.0",
    "suggest": {
        "xsv": "xsv"
    },
    "architecture": {
        "64bit": {
            "url": "https://github.com/wfxr/csview/releases/download/v1.1.0/csview-v1.1.0-x86_64-pc-windows-msvc.zip",
            "hash": "7c38c9db2ad81efb3be8ea4b8e182f7b4d3f700ab628f41bfdd4241c69699d72",
            "extract_dir": "csview-v1.1.0-x86_64-pc-windows-msvc"
        }
    },
    "bin": "csview.exe",
    "checkver": "github",
    "autoupdate": {
        "architecture": {
            "64bit": {
                "url": "https://github.com/wfxr/csview/releases/download/v$version/csview-v$version-x86_64-pc-windows-msvc.zip",
                "extract_dir": "csview-v$version-x86_64-pc-windows-msvc"
            }
        }
    }
}
