{
    "version": "11.7.1_516.94",
    "description": "A parallel computing platform and programming model invented by NVIDIA",
    "homepage": "https://developer.nvidia.com/cuda-toolkit",
    "license": {
        "identifier": "Freeware",
        "url": "https://docs.nvidia.com/cuda/eula/index.html"
    },
    "architecture": {
        "64bit": {
            "url": "http://developer.download.nvidia.com/compute/cuda/11.7.1/local_installers/cuda_11.7.1_516.94_windows.exe#/dl.7z",
            "hash": "md5:2890ae7ba9b23591029ac24c8e2e805a"
        }
    },
    "installer": {
        "script": [
            "$names = @('bin', 'extras', 'include', 'lib', 'libnvvp', 'nvml', 'nvvm', 'compute-sanitizer')",
            "foreach ($name in $names) {",
            "    Copy-Item \"$dir\\cuda_*\\*\\$name\" \"$dir\" -Recurse -Force",
            "    Copy-Item \"$dir\\lib*\\*\\$name\" \"$dir\" -Recurse -Force",
            "}",
            "Get-ChildItem \"$dir\" -Exclude $names | Remove-Item -Recurse -Force"
        ]
    },
    "env_add_path": "bin",
    "env_set": {
        "CUDA_PATH": "$dir"
    },
    "checkver": {
        "url": "https://developer.nvidia.com/cuda-downloads?target_os=Windows&target_arch=x86_64&target_version=10&target_type=exe_local",
        "regex": "/cuda_([\\d._]+)_windows\\.exe"
    },
    "autoupdate": {
        "architecture": {
            "64bit": {
                "url": "http://developer.download.nvidia.com/compute/cuda/$matchHead/local_installers/cuda_$version_windows.exe#/dl.7z"
            }
        },
        "hash": {
            "url": "https://developer.download.nvidia.com/compute/cuda/$matchHead/docs/sidebar/md5sum.txt"
        }
    }
}
