{
    "version": "6.2.5",
    "description": "rsync is a file transfer program capable of efficient remote update via a fast differencing algorithm.",
    "homepage": "https://itefix.net/cwrsync",
    "license": "https://itefix.net/simplified-bsd-license",
    "architecture": {
        "64bit": {
            "url": "https://itefix.net/dl/free-software/cwrsync_6.2.5_x64_free.zip",
            "hash": "a1b93795911a8c25c53f76ab8656445de46d97da982f07d9451406b1a608cd57",
            "extract_dir": "cwrsync_6.2.5_x64_free"
        }
    },
    "bin": "bin\\rsync.exe",
    "checkver": {
        "url": "https://itefix.net/cwrsync",
        "regex": "cwrsync_([\\d.]+)_x64_free\\.zip"
    },
    "autoupdate": {
        "architecture": {
            "64bit": {
                "url": "https://itefix.net/dl/free-software/cwrsync_$version_x64_free.zip",
                "extract_dir": "cwrsync_$version_x64_free",
                "hash": {
                    "url": "$url.sha256.asc"
                }
            }
        }
    }
}
