{
    "version": "3.8.1",
    "description": "A programming language with a program verifier",
    "homepage": "https://dafny-lang.github.io/dafny/",
    "license": "MIT",
    "architecture": {
        "64bit": {
            "url": "https://github.com/dafny-lang/dafny/releases/download/v3.8.1/dafny-3.8.1-x64-win.zip",
            "hash": "16590b6625ce81266df519849e8d5c7675a794d4f7a608502b053d8bca5bee95",
            "extract_dir": "dafny"
        }
    },
    "bin": [
        "Dafny.exe",
        "DafnyLanguageServer.exe",
        "DafnyServer.exe"
    ],
    "checkver": {
        "github": "https://github.com/dafny-lang/dafny"
    },
    "autoupdate": {
        "architecture": {
            "64bit": {
                "url": "https://github.com/dafny-lang/dafny/releases/download/v$version/dafny-$version-x64-win.zip"
            }
        }
    }
}
