{
    "version": "0.2.32",
    "description": "A portable devkit for CI/CD pipelines",
    "homepage": "https://dagger.io/",
    "license": "Apache-2.0",
    "architecture": {
        "64bit": {
            "url": "https://github.com/dagger/dagger/releases/download/v0.2.32/dagger_v0.2.32_windows_amd64.zip",
            "hash": "c8d3027a7219c2cf28590a2228352f6498d27f4e240d93946fa5ddae3c84f9cf"
        }
    },
    "bin": "dagger.exe",
    "checkver": {
        "github": "https://github.com/dagger/dagger"
    },
    "autoupdate": {
        "architecture": {
            "64bit": {
                "url": "https://github.com/dagger/dagger/releases/download/v$version/dagger_v$version_windows_amd64.zip",
                "hash": {
                    "url": "$baseurl/checksums.txt"
                }
            }
        }
    }
}
