{
    "version": "1.8.1",
    "description": "Command-line tools for Dapr",
    "homepage": "https://github.com/dapr/cli",
    "license": "Apache-2.0",
    "architecture": {
        "64bit": {
            "url": "https://github.com/dapr/cli/releases/download/v1.8.1/dapr_windows_amd64.zip",
            "hash": "1de00aae222adcbeee878b37ed2451de5f6470b4e94fdf04bcbb94a554c17bec"
        }
    },
    "bin": "dapr.exe",
    "checkver": "github",
    "autoupdate": {
        "architecture": {
            "64bit": {
                "url": "https://github.com/dapr/cli/releases/download/v$version/dapr_windows_amd64.zip"
            }
        },
        "hash": {
            "url": "$url.sha256"
        }
    }
}
