{
    "version": "2.18.0",
    "description": "SDK for the Dart programming language",
    "homepage": "https://dart.dev/",
    "license": "BSD-3-Clause",
    "extract_dir": "dart-sdk",
    "env_add_path": "bin",
    "architecture": {
        "64bit": {
            "url": "https://storage.googleapis.com/dart-archive/channels/stable/release/2.18.0/sdk/dartsdk-windows-x64-release.zip",
            "hash": "bea0b62d6c8dd01bc3ade3f562efac2cd9adc9b6efc6284f1a8bdf742ac6b85f"
        },
        "32bit": {
            "url": "https://storage.googleapis.com/dart-archive/channels/stable/release/2.18.0/sdk/dartsdk-windows-ia32-release.zip",
            "hash": "f1424b06edbb15ada72630fd5c0d45c60e03e52bf5377da40ab4fe292bb87a05"
        }
    },
    "checkver": {
        "url": "https://storage.googleapis.com/dart-archive/channels/stable/release/latest/VERSION",
        "jsonpath": "$.version"
    },
    "autoupdate": {
        "architecture": {
            "64bit": {
                "url": "https://storage.googleapis.com/dart-archive/channels/stable/release/$version/sdk/dartsdk-windows-x64-release.zip"
            },
            "32bit": {
                "url": "https://storage.googleapis.com/dart-archive/channels/stable/release/$version/sdk/dartsdk-windows-ia32-release.zip"
            }
        },
        "hash": {
            "url": "$url.sha256sum"
        }
    }
}
