{
    "version": "1.21.1",
    "description": "An open source tool that makes it simple to get local PHP development environments up and running in minutes",
    "homepage": "https://ddev.readthedocs.io/en/latest/",
    "license": "Apache-2.0",
    "suggest": {
        "docker": "docker-compose"
    },
    "architecture": {
        "64bit": {
            "url": "https://github.com/drud/ddev/releases/download/v1.21.1/ddev_windows-amd64.v1.21.1.zip",
            "hash": "22796affe9f8f71247d36064f9691ea87855ef36984936e9edfa2c5e16aef094"
        }
    },
    "bin": "ddev.exe",
    "checkver": {
        "github": "https://github.com/drud/ddev"
    },
    "autoupdate": {
        "architecture": {
            "64bit": {
                "url": "https://github.com/drud/ddev/releases/download/v$version/ddev_windows-amd64.v$version.zip"
            }
        },
        "hash": {
            "url": "$baseurl/checksums.txt"
        }
    }
}
