{
    "version": "6.2.1",
    "description": "Realtime, fast and secure data-sync server for mobile, web & iot",
    "homepage": "https://deepstream.io",
    "license": "AGPL-3.0-or-later",
    "architecture": {
        "64bit": {
            "url": "https://github.com/deepstreamIO/deepstream.io/releases/download/v6.2.1/deepstream.io-windows-6.2.1.zip",
            "hash": "5de909d20e9fa23c1587dd5bd748645350adb01b238b6b0cc607e8f2d109c608"
        }
    },
    "extract_dir": "deepstream.io-windows-6.2.1",
    "bin": "deepstream.exe",
    "env_set": {
        "DEEPSTREAM_CONFIG_DIRECTORY": "$dir\\conf\\config.yml"
    },
    "persist": "conf",
    "checkver": {
        "url": "https://github.com/deepstreamIO/deepstream.io/releases",
        "regex": "deepstream\\.io-windows-([\\d.]+)\\.zip"
    },
    "autoupdate": {
        "architecture": {
            "64bit": {
                "url": "https://github.com/deepstreamIO/deepstream.io/releases/download/v$version/deepstream.io-windows-$version.zip"
            }
        },
        "extract_dir": "deepstream.io-windows-$version"
    }
}
