{
    "version": "0.14.0",
    "description": "A syntax-highlighter for git and diff output",
    "homepage": "https://github.com/dandavison/delta",
    "license": "MIT",
    "architecture": {
        "64bit": {
            "url": "https://github.com/dandavison/delta/releases/download/0.14.0/delta-0.14.0-x86_64-pc-windows-msvc.zip",
            "hash": "9410455a4f80210ba718d745aea16ab0d88e089e18d51195cf31dbca58d80690",
            "extract_dir": "delta-0.14.0-x86_64-pc-windows-msvc"
        }
    },
    "bin": "delta.exe",
    "checkver": "github",
    "autoupdate": {
        "architecture": {
            "64bit": {
                "url": "https://github.com/dandavison/delta/releases/download/$version/delta-$version-x86_64-pc-windows-msvc.zip",
                "extract_dir": "delta-$version-x86_64-pc-windows-msvc"
            }
        }
    }
}
