{
    "version": "1.25.1",
    "description": "A secure runtime for JavaScript and TypeScript",
    "homepage": "https://deno.land",
    "license": "MIT",
    "architecture": {
        "64bit": {
            "url": "https://github.com/denoland/deno/releases/download/v1.25.1/deno-x86_64-pc-windows-msvc.zip",
            "hash": "42736eac8a7dfb73ae163095ba6711c617d20690197f86ef88c63855bd68e5a1"
        }
    },
    "bin": "deno.exe",
    "checkver": {
        "github": "https://github.com/denoland/deno"
    },
    "autoupdate": {
        "architecture": {
            "64bit": {
                "url": "https://github.com/denoland/deno/releases/download/v$version/deno-x86_64-pc-windows-msvc.zip"
            }
        }
    }
}
