{
    "version": "7.1.2",
    "description": "Software composition analysis utility that identifies project dependencies and checks if there are any known, publicly disclosed, vulnerabilities.",
    "homepage": "https://owasp.org/www-project-dependency-check/",
    "license": "Apache-2.0",
    "suggest": {
        "JDK": "java/openjdk"
    },
    "url": "https://github.com/jeremylong/DependencyCheck/releases/download/v7.1.2/dependency-check-7.1.2-release.zip",
    "hash": "7edf1712e6fc649e7d708617d3ce2629e08bfdafe94c260aa8041bfc89e55404",
    "extract_dir": "dependency-check",
    "bin": "bin\\dependency-check.bat",
    "checkver": {
        "url": "https://jeremylong.github.io/DependencyCheck/current.txt",
        "regex": "(.+)"
    },
    "autoupdate": {
        "url": "https://github.com/jeremylong/DependencyCheck/releases/download/v$version/dependency-check-$version-release.zip"
    }
}
