{
    "version": "0.35.0",
    "description": "A structural diff that understands syntax",
    "homepage": "https://difftastic.wilfred.me.uk",
    "license": "MIT",
    "architecture": {
        "64bit": {
            "url": "https://github.com/Wilfred/difftastic/releases/download/0.35.0/difft-x86_64-pc-windows-msvc.zip",
            "hash": "0e580ccb840893b5d4c39c805613304beeeb35e8b2f8bdfb2a37a8d7a1d7ee87"
        }
    },
    "bin": "difft.exe",
    "checkver": {
        "github": "https://github.com/Wilfred/difftastic"
    },
    "autoupdate": {
        "architecture": {
            "64bit": {
                "url": "https://github.com/Wilfred/difftastic/releases/download/$version/difft-x86_64-pc-windows-msvc.zip"
            }
        }
    }
}
