{
    "version": "2.10.2",
    "description": "Define and run multi-container applications with Docker",
    "homepage": "https://docs.docker.com/compose/",
    "license": "Apache-2.0",
    "architecture": {
        "64bit": {
            "url": "https://github.com/docker/compose/releases/download/v2.10.2/docker-compose-windows-x86_64.exe#/docker-compose.exe",
            "hash": "8748acb910d9e8e622ec6f89f9d82c3696ab3485ed7094d0e976506fba33b155"
        }
    },
    "bin": "docker-compose.exe",
    "post_install": "echo 'Installing docker-compose as docker-cli plugin...'; New-Item -ItemType Directory -Force \"$Env:USERPROFILE/.docker/cli-plugins\" | Out-Null; Copy-Item \"$original_dir/docker-compose.exe\" \"$Env:USERPROFILE/.docker/cli-plugins/docker-compose.exe\"",
    "uninstaller": {
        "script": "Remove-Item -Force \"$Env:USERPROFILE/.docker/cli-plugins/docker-compose.exe\""
    },
    "checkver": {
        "github": "https://github.com/docker/compose"
    },
    "autoupdate": {
        "architecture": {
            "64bit": {
                "url": "https://github.com/docker/compose/releases/download/v$version/docker-compose-windows-x86_64.exe#/docker-compose.exe"
            }
        },
        "hash": {
            "url": "$url.sha256"
        }
    }
}
