{
    "version": "1.79.0",
    "description": "A command line tool for DigitalOcean services",
    "homepage": "https://github.com/digitalocean/doctl",
    "license": "Apache-2.0",
    "architecture": {
        "64bit": {
            "url": "https://github.com/digitalocean/doctl/releases/download/v1.79.0/doctl-1.79.0-windows-amd64.zip",
            "hash": "1a4f1ce7757f7f7db44052de60b83bd866c3a17514e27f49ff6ae0c4748ad058"
        },
        "32bit": {
            "url": "https://github.com/digitalocean/doctl/releases/download/v1.79.0/doctl-1.79.0-windows-386.zip",
            "hash": "87d98b4ba8cddfc05833cfd6ebf2bbfcb1e2c2b9e5ffa380d9eb18c15ad3fb60"
        }
    },
    "bin": "doctl.exe",
    "checkver": "github",
    "autoupdate": {
        "architecture": {
            "64bit": {
                "url": "https://github.com/digitalocean/doctl/releases/download/v$version/doctl-$version-windows-amd64.zip"
            },
            "32bit": {
                "url": "https://github.com/digitalocean/doctl/releases/download/v$version/doctl-$version-windows-386.zip"
            }
        },
        "hash": {
            "url": "$baseurl/doctl-$version-checksums.sha256"
        }
    }
}
