{
    "homepage": "https://github.com/dolthub/dolt",
    "license": "Apache-2.0",
    "description": "Dolt is a SQL database that you can fork, clone, branch, merge, push and pull just like a git repository.",
    "version": "0.40.32",
    "architecture": {
        "64bit": {
            "url": "https://github.com/dolthub/dolt/releases/download/v0.40.32/dolt-windows-amd64.zip",
            "hash": "ece0c454108a13bd11ade3ebca109e3739e9bbd41316af7d1e86c655282eb3bc"
        }
    },
    "extract_dir": "dolt-windows-amd64",
    "bin": "bin\\dolt.exe",
    "checkver": "github",
    "autoupdate": {
        "architecture": {
            "64bit": {
                "url": "https://github.com/dolthub/dolt/releases/download/v$version/dolt-windows-amd64.zip"
            }
        }
    }
}
