{
    "version": "2022.2.2",
    "description": "JetBrains dotCover Command Line Tools that enable analysing code coverage outside of Visual Studio.",
    "homepage": "https://www.jetbrains.com/dotcover/download/#section=commandline",
    "license": {
        "identifier": "Freeware",
        "url": "https://www.jetbrains.com/legal/docs/toolbox/user"
    },
    "url": "https://download.jetbrains.com/resharper/dotUltimate.2022.2.2/JetBrains.dotCover.CommandLineTools.2022.2.2.zip",
    "hash": "b915f36fea5f451cf21ee74f77f58a5886ae5ac3f5dc07b965d8440aedf9188e",
    "bin": "dotCover.exe",
    "checkver": {
        "url": "https://data.services.jetbrains.com/products/releases?code=DCCLT&latest=true&platform=zip&type=release",
        "jsonpath": "$..version"
    },
    "autoupdate": {
        "url": "https://download.jetbrains.com/resharper/dotUltimate.$version/JetBrains.dotCover.CommandLineTools.$version.zip",
        "hash": {
            "url": "$url.sha256"
        }
    }
}
