{
    "version": "2022.2.2",
    "description": "JetBrains dotMemory Command Line Tools for profiling .NET memory usage from the command line.",
    "homepage": "https://www.jetbrains.com/dotmemory/download/#section=commandline",
    "license": {
        "identifier": "Freeware",
        "url": "https://www.jetbrains.com/legal/docs/toolbox/user"
    },
    "architecture": {
        "64bit": {
            "url": "https://download.jetbrains.com/resharper/dotUltimate.2022.2.2/JetBrains.dotMemory.Console.windows-x64.2022.2.2.zip",
            "hash": "a1c4fb403b22dc6146b4bef22f0c5fcc476414fe9b4e50d0514d4937f334ee54"
        },
        "32bit": {
            "url": "https://download.jetbrains.com/resharper/dotUltimate.2022.2.2/JetBrains.dotMemory.Console.windows-x86.2022.2.2.zip",
            "hash": "01d7dc5dcbba6ce2053db2fb194e191e4350688ec2bec50dba384d9c8d2b5618"
        }
    },
    "bin": "dotMemory.exe",
    "checkver": {
        "url": "https://data.services.jetbrains.com/products/releases?code=DMCLP&latest=true&platform=zip&type=release",
        "jsonpath": "$..version"
    },
    "autoupdate": {
        "architecture": {
            "64bit": {
                "url": "https://download.jetbrains.com/resharper/dotUltimate.$version/JetBrains.dotMemory.Console.windows-x64.$version.zip"
            },
            "32bit": {
                "url": "https://download.jetbrains.com/resharper/dotUltimate.$version/JetBrains.dotMemory.Console.windows-x86.$version.zip"
            }
        },
        "hash": {
            "url": "$url.sha256"
        }
    }
}
