{
    "version": "6.0.400",
    "description": ".NET is a free, cross-platform, open source developer platform for building many different types of applications.",
    "homepage": "https://www.microsoft.com/net/",
    "license": "MIT",
    "suggest": {
        "Visual C++ Redistributable": "extras/vcredist2022"
    },
    "architecture": {
        "64bit": {
            "url": "https://dotnetcli.blob.core.windows.net/dotnet/Sdk/6.0.400/dotnet-sdk-6.0.400-win-x64.zip",
            "hash": "sha512:382d0ea5d78e18691a4e5789db174df1ee0d64062a7198793776db1b0857e303bd23d12008dd87d952fe8d5a4d3fd2eb58735a46db7c26b5b9e3fb51f3435c66"
        },
        "32bit": {
            "url": "https://dotnetcli.blob.core.windows.net/dotnet/Sdk/6.0.400/dotnet-sdk-6.0.400-win-x86.zip",
            "hash": "sha512:3388f18cdc52b84d1502fd5727dcb3f10477556e5b4cd4c1731b087ba3aaa4669876c119e58ec3b0b78054d295a92210948dd75a9d19ed96249e54b8b1c7fcac"
        }
    },
    "bin": "dotnet.exe",
    "env_add_path": ".",
    "env_set": {
        "DOTNET_ROOT": "$dir",
        "MSBuildSDKsPath": "$dir\\sdk\\$version\\Sdks"
    },
    "checkver": {
        "url": "https://dotnetcli.blob.core.windows.net/dotnet/release-metadata/releases-index.json",
        "regex": "(?s)(?<rtv>[\\d.]+)[^\\d]*?([\\d.]+)[^\\d]*?(?:current|lts)"
    },
    "autoupdate": {
        "architecture": {
            "64bit": {
                "url": "https://dotnetcli.blob.core.windows.net/dotnet/Sdk/$version/dotnet-sdk-$version-win-x64.zip"
            },
            "32bit": {
                "url": "https://dotnetcli.blob.core.windows.net/dotnet/Sdk/$version/dotnet-sdk-$version-win-x86.zip"
            }
        },
        "hash": {
            "url": "https://dotnetcli.blob.core.windows.net/dotnet/checksums/$matchRtv-sha.txt"
        }
    }
}
