{
    "version": "2022.2.2",
    "description": "JetBrains dotTrace Command Line Tools that enable analyzing performance of .NET applications outside of Visual Studio.",
    "homepage": "https://www.jetbrains.com/profiler/download/#section=commandline",
    "license": {
        "identifier": "Freeware",
        "url": "https://www.jetbrains.com/legal/docs/toolbox/user"
    },
    "architecture": {
        "64bit": {
            "url": "https://download.jetbrains.com/resharper/dotUltimate.2022.2.2/JetBrains.dotTrace.CommandLineTools.windows-x64.2022.2.2.zip",
            "hash": "d9b3337514701aa35cc684f68995e1bc32202d2ceea20a954f15a1fb344c8acc"
        }
    },
    "bin": "ConsoleProfiler.exe",
    "checkver": {
        "url": "https://data.services.jetbrains.com/products/releases?code=DPCLT&latest=true&platform=zip&type=release",
        "jsonpath": "$..version"
    },
    "autoupdate": {
        "architecture": {
            "64bit": {
                "url": "https://download.jetbrains.com/resharper/dotUltimate.$version/JetBrains.dotTrace.CommandLineTools.windows-x64.$version.zip"
            }
        },
        "hash": {
            "url": "$url.sha256"
        }
    }
}
