{
    "homepage": "https://dprint.dev",
    "description": "Pluggable and configurable code formatting platform written in Rust.",
    "version": "0.31.1",
    "license": "MIT",
    "architecture": {
        "64bit": {
            "url": "https://github.com/dprint/dprint/releases/download/0.31.1/dprint-x86_64-pc-windows-msvc.zip",
            "hash": "e39935a409d58c985de3d9b6c17d60f308d36b149da2665ae771d490b0c4f65d"
        }
    },
    "bin": "dprint.exe",
    "checkver": {
        "github": "https://github.com/dprint/dprint"
    },
    "autoupdate": {
        "architecture": {
            "64bit": {
                "url": "https://github.com/dprint/dprint/releases/download/$version/dprint-x86_64-pc-windows-msvc.zip"
            }
        },
        "hash": {
            "url": "$baseurl/SHASUMS256.txt"
        }
    }
}
