{
    "version": "1.5.0",
    "description": "A self-service Continuous Delivery platform for busy development teams.",
    "homepage": "https://drone.io/",
    "license": "Apache-2.0",
    "architecture": {
        "64bit": {
            "url": "https://github.com/drone/drone-cli/releases/download/v1.5.0/drone_windows_amd64.tar.gz",
            "hash": "6d4a320afc851fc7ac8bfbdd56e85df80d5cb47aac960d1d53d401b742169be8"
        }
    },
    "pre_install": "if(Test-Path \"$dir\\drone\") { Rename-Item \"$dir\\drone\" \"$dir\\drone.exe\" }",
    "bin": "drone.exe",
    "checkver": {
        "github": "https://github.com/drone/drone-cli"
    },
    "autoupdate": {
        "architecture": {
            "64bit": {
                "url": "https://github.com/drone/drone-cli/releases/download/v$version/drone_windows_amd64.tar.gz"
            }
        },
        "hash": {
            "url": "$baseurl/drone_checksums.txt",
            "regex": "$sha256\\s+(?:\\./|\\*)?(?:release/$basename)"
        }
    }
}
