{
    "version": "2.24.0",
    "description": "Data & models versioning for ML projects, make them shareable and reproducible",
    "homepage": "https://dvc.org/",
    "license": "Apache-2.0",
    "url": "https://github.com/iterative/dvc/releases/download/2.24.0/dvc-2.24.0.exe",
    "hash": "aee5c8c079b159f7938066a9a8a8e489f802c11c2b4652f9a5adcac367103ed5",
    "innosetup": true,
    "bin": "dvc.exe",
    "checkver": {
        "github": "https://github.com/iterative/dvc"
    },
    "autoupdate": {
        "url": "https://github.com/iterative/dvc/releases/download/$version/dvc-$version.exe"
    }
}
