{
    "version": "106.0.1370.0",
    "description": "Close the loop on your developer cycle by automating testing of your website in Microsoft Edge (Chromium).",
    "homepage": "https://developer.microsoft.com/en-us/microsoft-edge/tools/webdriver",
    "license": {
        "identifier": "Freeware",
        "url": "https://az813057.vo.msecnd.net/webdriver/license.html"
    },
    "notes": "For legacy (EdgeHTML) version, see 'versions/edgedriver-legacy'.",
    "architecture": {
        "64bit": {
            "url": "https://msedgedriver.azureedge.net/106.0.1370.0/edgedriver_win64.zip",
            "hash": "2a422815776e6de53103cf78397b898aa20b0846b19523d2613caadbc5511483"
        },
        "32bit": {
            "url": "https://msedgedriver.azureedge.net/106.0.1370.0/edgedriver_win32.zip",
            "hash": "9d7347860eb5740239cabcd57ee33950039dc436740c36c539114c4a70b6bd1d"
        }
    },
    "bin": "msedgedriver.exe",
    "checkver": {
        "script": "Write-Output $([System.Text.Encoding]::Unicode.GetString((Invoke-WebRequest -URI https://msedgedriver.azureedge.net/LATEST_CANARY).Content))",
        "regex": "([\\d.]+)"
    },
    "autoupdate": {
        "architecture": {
            "64bit": {
                "url": "https://msedgedriver.azureedge.net/$version/edgedriver_win64.zip"
            },
            "32bit": {
                "url": "https://msedgedriver.azureedge.net/$version/edgedriver_win32.zip"
            }
        }
    }
}
