{
    "version": "2.0.5+da7c868",
    "description": "A graph-relational database",
    "homepage": "https://www.edgedb.com/",
    "license": "Apache-2.0|MIT",
    "architecture": {
        "64bit": {
            "url": "https://packages.edgedb.com/archive/x86_64-pc-windows-msvc/edgedb-cli-2.0.5+da7c868.exe#/edgedb.exe",
            "hash": "f2a9e1abf7d989e0e7f18361184a0650e16960825920f4df5d2448a14d31cbe1"
        }
    },
    "bin": "edgedb.exe",
    "checkver": {
        "url": "https://packages.edgedb.com/archive/.jsonindexes/x86_64-pc-windows-msvc.json",
        "jsonpath": "$..packages[-1:].version"
    },
    "autoupdate": {
        "architecture": {
            "64bit": {
                "url": "https://packages.edgedb.com/archive/x86_64-pc-windows-msvc/edgedb-cli-$version.exe#/edgedb.exe",
                "hash": {
                    "url": "https://packages.edgedb.com/archive/.jsonindexes/x86_64-pc-windows-msvc.json",
                    "jsonpath": "$..packages[-1:].installrefs[?(@.encoding=='identity')].verification.sha256"
                }
            }
        }
    }
}
