{
    "version": "0.110.0",
    "description": "A simple CLI tool for creating clusters on EKS - Amazon’s new managed Kubernetes service for EC2.",
    "homepage": "https://eksctl.io",
    "license": "Apache-2.0",
    "architecture": {
        "64bit": {
            "url": "https://github.com/weaveworks/eksctl/releases/download/v0.110.0/eksctl_Windows_amd64.zip",
            "hash": "0a5da7f42963a68630e8f0c5c60f83220ec4eda3aba8e91b71b1f4437a48db63"
        }
    },
    "bin": "eksctl.exe",
    "checkver": {
        "github": "https://github.com/weaveworks/eksctl"
    },
    "autoupdate": {
        "architecture": {
            "64bit": {
                "url": "https://github.com/weaveworks/eksctl/releases/download/v$version/eksctl_Windows_amd64.zip"
            }
        },
        "hash": {
            "url": "$baseurl/eksctl_checksums.txt"
        }
    }
}
