{
    "version": "2.3.1",
    "description": "Project and instances manager for Enonic XP.",
    "homepage": "https://developer.enonic.com/docs/enonic-cli/master",
    "license": "GPL-3.0-or-later",
    "architecture": {
        "64bit": {
            "url": "https://repo.enonic.com/public/com/enonic/cli/enonic/2.3.1/enonic_2.3.1_Windows_64-bit.zip",
            "hash": "9779b52749c42d6adfcb6360ea7c7e1f804c140a09d174d2f5fdc47571c3adcc"
        }
    },
    "bin": "enonic.exe",
    "checkver": {
        "url": "https://repo.enonic.com/service/rest/repository/browse/public/com/enonic/cli/enonic/",
        "regex": "<a[^>]+>([\\d.]+)</a>",
        "reverse": true
    },
    "autoupdate": {
        "architecture": {
            "64bit": {
                "url": "https://repo.enonic.com/public/com/enonic/cli/enonic/$version/enonic_$version_Windows_64-bit.zip"
            }
        }
    }
}
