{
    "version": "25.0.4",
    "description": "A programming language used to build massively scalable soft real-time systems with requirements on high availability.",
    "homepage": "https://www.erlang.org",
    "license": "Apache-2.0",
    "suggest": {
        "Visual C/C++ Redistributable 2013": "extras/vcredist2013"
    },
    "architecture": {
        "64bit": {
            "url": "https://erlang.org/download/otp_win64_25.0.4.exe#/dl.7z",
            "hash": "3985af9ba5387b8ae0b88e2398b427fe72adf7ed958eb505f9851fe61a4cab58"
        },
        "32bit": {
            "url": "https://erlang.org/download/otp_win32_25.0.4.exe#/dl.7z",
            "hash": "0d18789eb8dba85136c84cac7184f2889d0259725bb45b345192d93c3f4a6e06"
        }
    },
    "installer": {
        "file": "Install.exe",
        "args": "-sasl"
    },
    "post_install": "Remove-Item \"$dir\\`$PLUGINSDIR\", \"$dir\\Uninstall.exe.nsis\", \"$dir\\vcredist*\" -Force -Recurse",
    "bin": [
        "bin\\erl.exe",
        "bin\\erlc.exe",
        "bin\\escript.exe",
        "bin\\werl.exe"
    ],
    "shortcuts": [
        [
            "bin\\werl.exe",
            "Erlang"
        ]
    ],
    "env_set": {
        "ERLANG_HOME": "$dir"
    },
    "checkver": {
        "url": "https://erlang.org/download/otp_versions_tree_app_vsns.html",
        "regex": "otp_win64_([\\d.]+)\\.exe"
    },
    "autoupdate": {
        "architecture": {
            "64bit": {
                "url": "https://erlang.org/download/otp_win64_$version.exe#/dl.7z"
            },
            "32bit": {
                "url": "https://erlang.org/download/otp_win32_$version.exe#/dl.7z"
            }
        }
    }
}
