{
    "version": "3.4.20",
    "description": "A distributed, reliable key-value store for the most critical data of a distributed system",
    "homepage": "https://etcd.io/",
    "license": "Apache-2.0",
    "architecture": {
        "64bit": {
            "url": "https://github.com/etcd-io/etcd/releases/download/v3.4.20/etcd-v3.4.20-windows-amd64.zip",
            "hash": "59a644e753bb1b63befdac8ec1ad6849be4213e156309d9406b3c418a7f72dd0",
            "extract_dir": "etcd-v3.4.20-windows-amd64"
        }
    },
    "bin": [
        "etcd.exe",
        "etcdctl.exe"
    ],
    "checkver": {
        "github": "https://github.com/etcd-io/etcd"
    },
    "autoupdate": {
        "architecture": {
            "64bit": {
                "url": "https://github.com/etcd-io/etcd/releases/download/v$version/etcd-v$version-windows-amd64.zip",
                "extract_dir": "etcd-v$version-windows-amd64",
                "hash": {
                    "url": "$baseurl/SHA256SUMS",
                    "regex": "^$sha256\\s+$url$"
                }
            }
        }
    }
}
