{
    "version": "0.14.6",
    "description": "A framework for building serverless functions with Docker and Kubernetes which has first class support for metrics. (CLI)",
    "homepage": "https://www.openfaas.com/",
    "license": "MIT",
    "architecture": {
        "64bit": {
            "url": "https://github.com/openfaas/faas-cli/releases/download/0.14.6/faas-cli.exe",
            "hash": "105e6db727092e838e276852d52c87730bbc5ceae03405ea005915c885970437"
        }
    },
    "bin": [
        "faas-cli.exe",
        [
            "faas-cli.exe",
            "faas"
        ]
    ],
    "post_install": "faas-cli version",
    "checkver": {
        "github": "https://github.com/openfaas/faas-cli"
    },
    "autoupdate": {
        "architecture": {
            "64bit": {
                "url": "https://github.com/openfaas/faas-cli/releases/download/$version/faas-cli.exe"
            }
        },
        "hash": {
            "url": "$url.sha256"
        }
    }
}
