{
    "version": "5.23.0",
    "description": "F# Make, build automation tool for .NET with similar capabilities to make and rake",
    "homepage": "https://fake.build",
    "license": "MIT",
    "architecture": {
        "64bit": {
            "url": "https://github.com/fsharp/FAKE/releases/download/5.23.0/fake-dotnetcore-win7-x64.zip",
            "hash": "2ddd7a153845054170ff9707010797485a2980a5cf1840c68985a259fbe1b88e"
        },
        "32bit": {
            "url": "https://github.com/fsharp/FAKE/releases/download/5.23.0/fake-dotnetcore-win7-x86.zip",
            "hash": "cce6795f1bbb20f05a116f47d967a9b3d428ddd1d233390f5b3d0cbc7ad93a63"
        }
    },
    "bin": "fake.exe",
    "checkver": {
        "github": "https://github.com/fsharp/FAKE"
    },
    "autoupdate": {
        "architecture": {
            "64bit": {
                "url": "https://github.com/fsharp/FAKE/releases/download/$version/fake-dotnetcore-win7-x64.zip"
            },
            "32bit": {
                "url": "https://github.com/fsharp/FAKE/releases/download/$version/fake-dotnetcore-win7-x86.zip"
            }
        }
    }
}
