{
    "version": "11.8.0",
    "description": "Test, manage, and deploy Firebase project from the command line",
    "homepage": "https://github.com/firebase/firebase-tools",
    "license": "MIT",
    "architecture": {
        "64bit": {
            "url": "https://github.com/firebase/firebase-tools/releases/download/v11.8.0/firebase-tools-win.exe#/firebase.exe",
            "hash": "3c21329459d792378c1b0aba0d50617d9e33cc047f80cd5ab02502d3167abd34"
        }
    },
    "bin": "firebase.exe",
    "checkver": "github",
    "autoupdate": {
        "architecture": {
            "64bit": {
                "url": "https://github.com/firebase/firebase-tools/releases/download/v$version/firebase-tools-win.exe#/firebase.exe"
            }
        }
    }
}
