{
    "version": "0.186.0",
    "description": "A static type checker for JavaScript code",
    "homepage": "https://flowtype.org/",
    "license": "MIT",
    "architecture": {
        "64bit": {
            "url": "https://github.com/facebook/flow/releases/download/v0.186.0/flow-win64-v0.186.0.zip",
            "hash": "42dd77c9fbe8f455e3b3a715436192aa281c398de22e07c32937d411b477a248"
        }
    },
    "extract_dir": "flow",
    "bin": "flow.exe",
    "checkver": {
        "github": "https://github.com/facebook/flow"
    },
    "autoupdate": {
        "architecture": {
            "64bit": {
                "url": "https://github.com/facebook/flow/releases/download/v$version/flow-win64-v$version.zip"
            }
        }
    }
}
