{
    "version": "0.33.0",
    "description": "Open and extensible continuous delivery solution for Kubernetes.",
    "homepage": "https://fluxcd.io",
    "license": "Apache-2.0",
    "architecture": {
        "64bit": {
            "url": "https://github.com/fluxcd/flux2/releases/download/v0.33.0/flux_0.33.0_windows_amd64.zip",
            "hash": "ae024f9323ebe325b4e96d37d6c2ba06127c31478a05c667e784ed7c6cc345e4"
        },
        "32bit": {
            "url": "https://github.com/fluxcd/flux2/releases/download/v0.33.0/flux_0.33.0_windows_386.zip",
            "hash": "98999c1adde179f85f301826b2236972c2e6a373847125e55efc0510c2ed98cd"
        }
    },
    "bin": "flux.exe",
    "checkver": {
        "github": "https://github.com/fluxcd/flux2"
    },
    "autoupdate": {
        "architecture": {
            "64bit": {
                "url": "https://github.com/fluxcd/flux2/releases/download/v$version/flux_$version_windows_amd64.zip"
            },
            "32bit": {
                "url": "https://github.com/fluxcd/flux2/releases/download/v$version/flux_$version_windows_386.zip"
            }
        },
        "hash": {
            "url": "$baseurl/flux_$version_checksums.txt"
        }
    },
    "notes": "For Flux v1, please install 'versions/fluxctl' instead."
}
