{
    "version": "0.6.22",
    "description": "A container-native serverless platform that can be run anywhere (any cloud or on-premise).",
    "homepage": "https://fnproject.io/",
    "license": "Apache-2.0",
    "architecture": {
        "64bit": {
            "url": "https://github.com/fnproject/cli/releases/download/0.6.22/fn.exe",
            "hash": "f5bfe588f9f2f6898cdb9bbb6a64bc50346aa84e2a5f14bd0ec65adfbb1a8317"
        }
    },
    "bin": "fn.exe",
    "checkver": {
        "github": "https://github.com/fnproject/cli"
    },
    "autoupdate": {
        "architecture": {
            "64bit": {
                "url": "https://github.com/fnproject/cli/releases/download/$version/fn.exe"
            }
        }
    }
}
