{
    "version": "3.3.12",
    "description": "Dependency analysis tool. Supports license & vulnerability scanning. Language-agnostic; integrates with 20+ build systems.",
    "homepage": "https://github.com/fossas/fossa-cli",
    "license": "MPL-2.0",
    "architecture": {
        "64bit": {
            "url": "https://github.com/fossas/fossa-cli/releases/download/v3.3.12/fossa_3.3.12_windows_amd64.zip",
            "hash": "f41c5238617c3ed79dc92077c6cae0a0b1f02a8ef40a4d1f01cb4a717e75c6f8"
        }
    },
    "bin": "fossa.exe",
    "checkver": "github",
    "autoupdate": {
        "architecture": {
            "64bit": {
                "url": "https://github.com/fossas/fossa-cli/releases/download/v$version/fossa_$version_windows_amd64.zip",
                "hash": {
                    "url": "$url.sha256"
                }
            }
        }
    }
}
