{
    "version": "2.19",
    "description": "A simple, high-reliability, distributed software configuration management system.",
    "homepage": "https://www.fossil-scm.org/",
    "license": "BSD-2-Clause",
    "architecture": {
        "64bit": {
            "url": "https://www.fossil-scm.org/index.html/uv/fossil-w64-2.19.zip",
            "hash": "e95832031803191e48a1854872f54f219ddd36257d90ecce52c374f98a66928c"
        },
        "32bit": {
            "url": "https://www.fossil-scm.org/index.html/uv/fossil-w32-2.19.zip",
            "hash": "b9a1f61f484d3f31c941a11b3d1fc8250f852c10778124ffec20e74ac8c2a0f3"
        }
    },
    "bin": "fossil.exe",
    "checkver": {
        "url": "https://www.fossil-scm.org/index.html/uv/download.js",
        "regex": "p=version-([0-9.]+)"
    },
    "autoupdate": {
        "architecture": {
            "64bit": {
                "url": "https://www.fossil-scm.org/index.html/uv/fossil-w64-$version.zip"
            },
            "32bit": {
                "url": "https://www.fossil-scm.org/index.html/uv/fossil-w32-$version.zip"
            }
        }
    }
}
