{
    "version": "0.44.0",
    "description": "A fast reverse proxy to help you expose a local server behind a NAT or firewall to the internet.",
    "homepage": "https://github.com/fatedier/frp",
    "license": "Apache-2.0",
    "architecture": {
        "64bit": {
            "url": "https://github.com/fatedier/frp/releases/download/v0.44.0/frp_0.44.0_windows_amd64.zip",
            "hash": "23705712274935b9b223412bf731ecd672dcc8b5d0c11a39372aacedaa6a66a4",
            "extract_dir": "frp_0.44.0_windows_amd64"
        },
        "32bit": {
            "url": "https://github.com/fatedier/frp/releases/download/v0.44.0/frp_0.44.0_windows_386.zip",
            "hash": "4aed98c21ef4534951b6faeab4982376695ae1e10ca90aedd27a9bfcf6caea2e",
            "extract_dir": "frp_0.44.0_windows_386"
        }
    },
    "bin": [
        "frpc.exe",
        "frps.exe"
    ],
    "persist": [
        "frpc.ini",
        "frpc_full.ini",
        "frps.ini",
        "frps_full.ini"
    ],
    "checkver": "github",
    "autoupdate": {
        "architecture": {
            "64bit": {
                "url": "https://github.com/fatedier/frp/releases/download/v$version/frp_$version_windows_amd64.zip",
                "extract_dir": "frp_$version_windows_amd64"
            },
            "32bit": {
                "url": "https://github.com/fatedier/frp/releases/download/v$version/frp_$version_windows_386.zip",
                "extract_dir": "frp_$version_windows_386"
            }
        }
    }
}
