{
    "version": "0.33.0",
    "description": "A general-purpose command-line fuzzy finder",
    "homepage": "https://github.com/junegunn/fzf",
    "license": "MIT",
    "architecture": {
        "64bit": {
            "url": "https://github.com/junegunn/fzf/releases/download/0.33.0/fzf-0.33.0-windows_amd64.zip",
            "hash": "f2ddd0ce44f2ebd52009c0f36d99270d711234a605529e01fd97fef87223fd1e"
        }
    },
    "bin": "fzf.exe",
    "checkver": "github",
    "autoupdate": {
        "architecture": {
            "64bit": {
                "url": "https://github.com/junegunn/fzf/releases/download/$version/fzf-$version-windows_amd64.zip"
            }
        }
    }
}
