{
    "version": "1.23.0",
    "description": "Command-line program to download image-galleries and -collections from several image hosting sites.",
    "homepage": "https://github.com/mikf/gallery-dl",
    "license": "GPL-2.0-or-later",
    "url": "https://github.com/mikf/gallery-dl/releases/download/v1.23.0/gallery-dl.exe",
    "hash": "78388a49a98b4c0f0da34a641f7d9cc2764972ddfa290f87db6c811f3b6f04d4",
    "bin": "gallery-dl.exe",
    "checkver": "github",
    "autoupdate": {
        "url": "https://github.com/mikf/gallery-dl/releases/download/v$version/gallery-dl.exe"
    }
}
