{
    "version": "5.15.0",
    "description": "A Fast Console Disk Usage Analyzer",
    "homepage": "https://github.com/dundee/gdu",
    "license": "MIT",
    "architecture": {
        "64bit": {
            "url": "https://github.com/dundee/gdu/releases/download/v5.15.0/gdu_windows_amd64.exe.zip",
            "hash": "df77987072d2226fe6654d148fd5943892bcc1dfc4323710036c2a14dc673592"
        }
    },
    "pre_install": "Rename-Item \"$dir\\$($fname -replace '\\.zip$')\" 'gdu.exe'",
    "bin": "gdu.exe",
    "checkver": "github",
    "autoupdate": {
        "architecture": {
            "64bit": {
                "url": "https://github.com/dundee/gdu/releases/download/v$version/gdu_windows_amd64.exe.zip"
            }
        },
        "hash": {
            "url": "$baseurl/sha256sums.txt"
        }
    }
}
