{
    "version": "1.10.23",
    "description": "Official Go implementation of the Ethereum protocol",
    "homepage": "https://geth.ethereum.org",
    "license": "MIT",
    "architecture": {
        "64bit": {
            "url": "https://gethstore.blob.core.windows.net/builds/geth-alltools-windows-amd64-1.10.23-d901d853.zip",
            "hash": "md5:8547738a3757d4bd3ecb0cb27a72a7e6",
            "extract_dir": "geth-alltools-windows-amd64-1.10.23-d901d853"
        },
        "32bit": {
            "url": "https://gethstore.blob.core.windows.net/builds/geth-alltools-windows-386-1.10.23-d901d853.zip",
            "hash": "md5:8c837584b1f2b359bf0462cb8adf98e7",
            "extract_dir": "geth-alltools-windows-386-1.10.23-d901d853"
        }
    },
    "bin": [
        "abigen.exe",
        "bootnode.exe",
        "clef.exe",
        "evm.exe",
        "geth.exe",
        "puppeth.exe",
        "rlpdump.exe"
    ],
    "checkver": {
        "url": "https://github.com/ethereum/go-ethereum/releases/latest",
        "regex": "(?sm)/tree/v([\\d.]+).*?/commit/(?<sha>[a-z\\d]{8})"
    },
    "autoupdate": {
        "architecture": {
            "64bit": {
                "url": "https://gethstore.blob.core.windows.net/builds/geth-alltools-windows-amd64-$version-$matchSha.zip",
                "extract_dir": "geth-alltools-windows-amd64-$version-$matchSha"
            },
            "32bit": {
                "url": "https://gethstore.blob.core.windows.net/builds/geth-alltools-windows-386-$version-$matchSha.zip",
                "extract_dir": "geth-alltools-windows-386-$version-$matchSha"
            }
        },
        "hash": {
            "url": "https://gethstore.blob.core.windows.net/builds?restype=container&comp=list&maxresults=5&prefix=$basename",
            "regex": "$basename.*?Content-MD5>$base64<"
        }
    }
}
