{
    "version": "2.14.7",
    "description": "Official GitHub CLI",
    "homepage": "https://cli.github.com",
    "license": "MIT",
    "architecture": {
        "64bit": {
            "url": "https://github.com/cli/cli/releases/download/v2.14.7/gh_2.14.7_windows_amd64.zip",
            "hash": "f28af85dce3319ef8049dee0953ec3421dc747731e4849d6c4de9d54c2e18d71"
        },
        "32bit": {
            "url": "https://github.com/cli/cli/releases/download/v2.14.7/gh_2.14.7_windows_386.zip",
            "hash": "9c55ebcd2388c8a83979dca4ebe0f4214e0a48ee405a03dd3b647378c273e8a3"
        }
    },
    "bin": "bin\\gh.exe",
    "checkver": {
        "github": "https://github.com/cli/cli"
    },
    "autoupdate": {
        "architecture": {
            "64bit": {
                "url": "https://github.com/cli/cli/releases/download/v$version/gh_$version_windows_amd64.zip"
            },
            "32bit": {
                "url": "https://github.com/cli/cli/releases/download/v$version/gh_$version_windows_386.zip"
            }
        },
        "hash": {
            "url": "$baseurl/gh_$version_checksums.txt"
        }
    }
}
