{
    "version": "1.3.0",
    "description": "Remote repository clones manager",
    "homepage": "https://github.com/motemen/ghq",
    "license": "MIT",
    "architecture": {
        "64bit": {
            "url": "https://github.com/motemen/ghq/releases/download/v1.3.0/ghq_windows_amd64.zip",
            "hash": "sha1:28bd60d89faf88a5fad2fac8d8990091f39df0a5",
            "extract_dir": "ghq_windows_amd64"
        }
    },
    "bin": "ghq.exe",
    "checkver": "github",
    "autoupdate": {
        "architecture": {
            "64bit": {
                "url": "https://github.com/motemen/ghq/releases/download/v$version/ghq_windows_amd64.zip",
                "extract_dir": "ghq_windows_amd64"
            }
        },
        "hash": {
            "url": "$baseurl/SHASUMS"
        }
    }
}
