{
    "version": "1.92",
    "description": "Command-line tool for creating, editing, and getting information about GIF images and animations",
    "homepage": "http://www.lcdf.org/gifsicle/",
    "license": "LGPL-2.0-only",
    "architecture": {
        "64bit": {
            "url": "https://eternallybored.org/misc/gifsicle/releases/gifsicle-1.92-win64.zip",
            "hash": "de06320f02a1aa5330a084a0d7d1aeae370ec0ce51992bef64881b0ebcabaff9",
            "extract_dir": "gifsicle-1.92"
        },
        "32bit": {
            "url": "https://eternallybored.org/misc/gifsicle/releases/gifsicle-1.92-win32.zip",
            "hash": "f857433178044be987e328715919b73613254d7bb8452038d492921cf6e92e63",
            "extract_dir": "gifsicle-1.92"
        }
    },
    "bin": [
        "gifsicle.exe",
        "gifdiff.exe"
    ],
    "checkver": {
        "url": "https://eternallybored.org/misc/gifsicle/",
        "regex": "Gifsicle ([\\d.]+)"
    },
    "autoupdate": {
        "architecture": {
            "64bit": {
                "url": "https://eternallybored.org/misc/gifsicle/releases/gifsicle-$version-win64.zip",
                "extract_dir": "gifsicle-$version"
            },
            "32bit": {
                "url": "https://eternallybored.org/misc/gifsicle/releases/gifsicle-$version-win32.zip",
                "extract_dir": "gifsicle-$version"
            }
        }
    }
}
