{
    "version": "0.7.2",
    "description": "Distributed, offline-first bug tracker embedded in git, with bridges",
    "homepage": "https://github.com/MichaelMure/git-bug",
    "license": "GPL-3.0-or-later",
    "architecture": {
        "64bit": {
            "url": "https://github.com/MichaelMure/git-bug/releases/download/v0.7.2/git-bug_windows_amd64.exe#/git-bug.exe",
            "hash": "1338fa28c736f0ba5fedc2a29409ef83407565da587c5c4856100913a8e5a361"
        },
        "32bit": {
            "url": "https://github.com/MichaelMure/git-bug/releases/download/v0.7.2/git-bug_windows_386.exe#/git-bug.exe",
            "hash": "7f5bba480f1d2ad7977248c6a380974b368b460d1dd6eeccb25e870870248a40"
        }
    },
    "bin": "git-bug.exe",
    "checkver": "github",
    "autoupdate": {
        "architecture": {
            "64bit": {
                "url": "https://github.com/MichaelMure/git-bug/releases/download/v$version/git-bug_windows_amd64.exe#/git-bug.exe"
            },
            "32bit": {
                "url": "https://github.com/MichaelMure/git-bug/releases/download/v$version/git-bug_windows_386.exe#/git-bug.exe"
            }
        }
    }
}
