{
    "version": "10.20220725",
    "description": "Manage files with git, without comitting them.",
    "homepage": "https://git-annex.branchable.com/",
    "license": "AGPL-3.0-or-later",
    "bin": "usr/bin/git-annex.exe",
    "url": "https://downloads.kitenet.net/git-annex/windows/current/git-annex-installer.exe#/dl.7z",
    "hash": "fd1f3934b56ea25ee11166b78b44aea6412cae2f86316c677cb5f6d31e99386b",
    "checkver": {
        "url": "https://downloads.kitenet.net/git-annex/windows/current/git-annex-installer.exe.info",
        "regex": "distributionVersion = \"([\\d.]+)\""
    },
    "autoupdate": {
        "url": "https://downloads.kitenet.net/git-annex/windows/current/git-annex-installer.exe#/dl.7z",
        "hash": {
            "url": "$url.info",
            "regex": "$sha256\\.exe"
        }
    }
}
