{
    "version": "2.37.3.windows.1",
    "description": "Distributed version control system",
    "homepage": "https://gitforwindows.org",
    "license": "GPL-2.0-only",
    "notes": "Set Git Credential Manager Core by running: \"git config --global credential.helper manager-core\"",
    "architecture": {
        "64bit": {
            "url": "https://github.com/git-for-windows/git/releases/download/v2.37.3.windows.1/PortableGit-2.37.3-64-bit.7z.exe#/dl.7z",
            "hash": "ecd013c3aecdde0ffb363d5058d379a9c4037ff9ffbc004218632e288490f35c"
        },
        "32bit": {
            "url": "https://github.com/git-for-windows/git/releases/download/v2.37.3.windows.1/PortableGit-2.37.3-32-bit.7z.exe#/dl.7z",
            "hash": "fbb50b45117ee1ca559e353f19b9a903f08febba50bd88fb4c3c3ddf533f024c"
        }
    },
    "bin": [
        "cmd\\git.exe",
        "cmd\\gitk.exe",
        "cmd\\git-gui.exe",
        "usr\\bin\\tig.exe",
        "git-bash.exe"
    ],
    "shortcuts": [
        [
            "git-bash.exe",
            "Git Bash",
            "--cd-to-home"
        ],
        [
            "cmd\\git-gui.exe",
            "Git GUI"
        ]
    ],
    "env_set": {
        "GIT_INSTALL_ROOT": "$dir"
    },
    "checkver": {
        "github": "https://github.com/git-for-windows/git",
        "regex": "v([\\w.]+)/PortableGit-(?<full>[\\w.]+)-64-bit"
    },
    "autoupdate": {
        "architecture": {
            "64bit": {
                "url": "https://github.com/git-for-windows/git/releases/download/v$version/PortableGit-$matchFull-64-bit.7z.exe#/dl.7z"
            },
            "32bit": {
                "url": "https://github.com/git-for-windows/git/releases/download/v$version/PortableGit-$matchFull-32-bit.7z.exe#/dl.7z"
            }
        },
        "hash": {
            "url": "https://github.com/git-for-windows/git/releases/tag/v$version",
            "regex": "<td>$basename</td>\\s*<td>$sha256</td>"
        }
    }
}
