{
    "version": "1.17.1",
    "description": "A painless self-hosted Git service",
    "homepage": "https://gitea.io/",
    "license": "MIT",
    "architecture": {
        "64bit": {
            "url": "https://dl.gitea.io/gitea/1.17.1/gitea-1.17.1-windows-4.0-amd64.exe.xz",
            "hash": "f54baae86933d1615024b061e739666516f8e6ac19c521d67d7131acc87fb429"
        },
        "32bit": {
            "url": "https://dl.gitea.io/gitea/1.17.1/gitea-1.17.1-windows-4.0-386.exe.xz",
            "hash": "226df157b8639096f79d46ce5829eb7831bbca6dae4b34c7364e1026a47e907c"
        }
    },
    "installer": {
        "script": [
            "Get-Item \"$dir\\gitea*.exe\" | Rename-Item -NewName 'gitea.exe'",
            "if (!(Test-Path \"$persist_dir\\custom\\conf\")) {",
            "   New-Item \"$persist_dir\\custom\\conf\" -ItemType Directory | Out-Null",
            "}",
            "if (!(Test-Path \"$persist_dir\\custom\\conf\\app.ini\")) {",
            "   @(",
            "       '[database]'",
            "       'DB_TYPE = sqlite3'",
            "       \"PATH = $persist_dir/data/gitea.db\"",
            "       '[repository]'",
            "       \"ROOT = $persist_dir/repositories\"",
            "       '[log]'",
            "       \"ROOT_PATH = $persist_dir/log\"",
            "   ) -replace '\\\\', '/' | Set-Content \"$persist_dir\\custom\\conf\\app.ini\" -Encoding ASCII",
            "}"
        ]
    },
    "bin": "gitea.exe",
    "persist": [
        "custom",
        "repositories",
        "log",
        "data"
    ],
    "checkver": {
        "url": "https://dl.gitea.io/gitea",
        "regex": "Current Release ([\\d.]+)"
    },
    "autoupdate": {
        "architecture": {
            "64bit": {
                "url": "https://dl.gitea.io/gitea/$version/gitea-$version-windows-4.0-amd64.exe.xz"
            },
            "32bit": {
                "url": "https://dl.gitea.io/gitea/$version/gitea-$version-windows-4.0-386.exe.xz"
            }
        },
        "hash": {
            "url": "$url.sha256"
        }
    }
}
