{
    "version": "0.21.0",
    "description": "Terminal client for Git",
    "homepage": "https://github.com/extrawurst/gitui",
    "license": "MIT",
    "url": "https://github.com/extrawurst/gitui/releases/download/v0.21.0/gitui-win.tar.gz",
    "hash": "94a01a795cc7ab09d625470ea892a6232578383f7536bc6493fecf4aa1d33bb9",
    "bin": "gitui.exe",
    "checkver": "github",
    "autoupdate": {
        "url": "https://github.com/extrawurst/gitui/releases/download/v$version/gitui-win.tar.gz"
    }
}
