{
    "version": "5.10.2",
    "description": "Easy Semantic Versioning for projects using Git.",
    "homepage": "https://github.com/GitTools/GitVersion",
    "license": "MIT",
    "url": "https://packages.chocolatey.org/GitVersion.Portable.5.10.2.nupkg",
    "hash": "894c0c4654f7f5db24330f8c59843582a11c88e13faad3ee154125703eb099d2",
    "extract_dir": "tools",
    "bin": "GitVersion.exe",
    "checkver": {
        "url": "https://chocolatey.org/packages/GitVersion.Portable",
        "regex": "Latest Version[\\S\\s]+?/([\\d.]+)"
    },
    "autoupdate": {
        "url": "https://packages.chocolatey.org/GitVersion.Portable.$version.nupkg",
        "hash": {
            "url": "https://chocolatey.org/packages/GitVersion.Portable/$version",
            "regex": "$sha256/analysis/\">$basename"
        }
    }
}
