{
    "version": "1.22.0",
    "description": "GitLab CLI",
    "homepage": "https://github.com/profclems/glab",
    "license": "MIT",
    "architecture": {
        "64bit": {
            "url": "http://github.com/profclems/glab/releases/download/v1.22.0/glab_1.22.0_windows_x86_64.zip",
            "hash": "1b07931cbd9547fdf33bc5c636a5e70bc01d7ef68768cff13f9655623ce411d8"
        },
        "32bit": {
            "url": "http://github.com/profclems/glab/releases/download/v1.22.0/glab_1.22.0_windows_i386.zip",
            "hash": "43e86b78e919ec0a1947157c1eeaf62fa8bc03087f09affb28293af939ac4389"
        }
    },
    "bin": "bin\\glab.exe",
    "checkver": "github",
    "autoupdate": {
        "architecture": {
            "64bit": {
                "url": "http://github.com/profclems/glab/releases/download/v$version/glab_$version_windows_x86_64.zip"
            },
            "32bit": {
                "url": "http://github.com/profclems/glab/releases/download/v$version/glab_$version_windows_i386.zip"
            }
        },
        "hash": {
            "url": "$baseurl/checksums.txt"
        }
    }
}
