{
    "version": "1.4.1",
    "description": "Markdown reader for the terminal with a TUI and encrypted cloud stash",
    "homepage": "https://github.com/charmbracelet/glow",
    "license": "MIT",
    "architecture": {
        "64bit": {
            "url": "https://github.com/charmbracelet/glow/releases/download/v1.4.1/glow_1.4.1_Windows_x86_64.zip",
            "hash": "47ae32251af83da3034f245ac04fe948c5e8bd7cf21f58e9d8068817231a28c5"
        },
        "32bit": {
            "url": "https://github.com/charmbracelet/glow/releases/download/v1.4.1/glow_1.4.1_Windows_i386.zip",
            "hash": "7505ac497ecf213889585924becb141b702e384490daea7e5a1c2738ceccfa1d"
        }
    },
    "bin": "glow.exe",
    "checkver": "github",
    "autoupdate": {
        "architecture": {
            "64bit": {
                "url": "https://github.com/charmbracelet/glow/releases/download/v$version/glow_$version_Windows_x86_64.zip"
            },
            "32bit": {
                "url": "https://github.com/charmbracelet/glow/releases/download/v$version/glow_$version_Windows_i386.zip"
            }
        },
        "hash": {
            "url": "$baseurl/checksums.txt"
        }
    }
}
