{
    "version": "1.49.0",
    "description": "Go language linters aggregator",
    "homepage": "https://golangci-lint.run/",
    "license": "GPL-3.0-only",
    "architecture": {
        "64bit": {
            "url": "https://github.com/golangci/golangci-lint/releases/download/v1.49.0/golangci-lint-1.49.0-windows-amd64.zip",
            "hash": "d058dfb0c7fbd73be70f285d3f8d4d424192fe9b19760ddbb0b2c4b743b8656c",
            "extract_dir": "golangci-lint-1.49.0-windows-amd64"
        },
        "32bit": {
            "url": "https://github.com/golangci/golangci-lint/releases/download/v1.49.0/golangci-lint-1.49.0-windows-386.zip",
            "hash": "e9cb6f691e62a4d8b28dd52d2eab57cca72acfd5083b3c5417a72d2eb64def09",
            "extract_dir": "golangci-lint-1.49.0-windows-386"
        }
    },
    "bin": "golangci-lint.exe",
    "checkver": {
        "github": "https://github.com/golangci/golangci-lint"
    },
    "autoupdate": {
        "architecture": {
            "64bit": {
                "url": "https://github.com/golangci/golangci-lint/releases/download/v$version/golangci-lint-$version-windows-amd64.zip",
                "extract_dir": "golangci-lint-$version-windows-amd64"
            },
            "32bit": {
                "url": "https://github.com/golangci/golangci-lint/releases/download/v$version/golangci-lint-$version-windows-386.zip",
                "extract_dir": "golangci-lint-$version-windows-386"
            }
        },
        "hash": {
            "url": "$baseurl/golangci-lint-$version-checksums.txt"
        }
    }
}
