{
    "version": "3.11.2",
    "description": "Template renderer with various datasource support",
    "homepage": "https://github.com/hairyhenderson/gomplate",
    "license": "MIT",
    "architecture": {
        "64bit": {
            "url": "https://github.com/hairyhenderson/gomplate/releases/download/v3.11.2/gomplate_windows-amd64.exe#/gomplate.exe",
            "hash": "sha512:44769f7f4460cd29110ba0ce22095a2467cd0970f2c05d702f9a9adb6b5e5c00e4ee4296b7fc31d5c196515ef1b1a2b2b72e8665db51ac8a1fbce18cd7a181d5"
        },
        "32bit": {
            "url": "https://github.com/hairyhenderson/gomplate/releases/download/v3.11.2/gomplate_windows-386.exe#/gomplate.exe",
            "hash": "sha512:1f9827a4536bf38338beefdda4d00822aac8e1f7afbc244fc0297250d22e5fdd64a78a8212156f1ad5337a58dbd38170d2357cd2ac3aa655a44b0ab86dce1f65"
        }
    },
    "bin": "gomplate.exe",
    "checkver": "github",
    "autoupdate": {
        "architecture": {
            "64bit": {
                "url": "https://github.com/hairyhenderson/gomplate/releases/download/v$version/gomplate_windows-amd64.exe#/gomplate.exe"
            },
            "32bit": {
                "url": "https://github.com/hairyhenderson/gomplate/releases/download/v$version/gomplate_windows-386.exe#/gomplate.exe"
            }
        },
        "hash": {
            "url": "$baseurl/checksums-v$version_sha512.txt"
        }
    }
}
