{
    "version": "1.14.5",
    "description": "The slightly more awesome standard unix password manager for teams",
    "homepage": "https://www.gopass.pw/",
    "license": "MIT",
    "architecture": {
        "64bit": {
            "url": "https://github.com/gopasspw/gopass/releases/download/v1.14.5/gopass-1.14.5-windows-amd64.zip",
            "hash": "5676178a06dc83f07b18d85a7de689122a215c3b53f2dde06e72199e920a640f"
        }
    },
    "bin": "gopass.exe",
    "checkver": {
        "github": "https://github.com/gopasspw/gopass"
    },
    "autoupdate": {
        "architecture": {
            "64bit": {
                "url": "https://github.com/gopasspw/gopass/releases/download/v$version/gopass-$version-windows-amd64.zip"
            }
        },
        "hash": {
            "url": "$baseurl/gopass_$version_SHA256SUMS"
        }
    }
}
