{
    "version": "1.14.5",
    "description": "Gopass Browser Bindings",
    "homepage": "https://www.gopass.pw/",
    "license": "MIT",
    "depends": "gopass",
    "architecture": {
        "64bit": {
            "url": "https://github.com/gopasspw/gopass-jsonapi/releases/download/v1.14.5/gopass-jsonapi-1.14.5-windows-amd64.zip",
            "hash": "8d28ca66c8839db5c083920f78b66c15ed0ae547042daef754f8e00f8881351f"
        }
    },
    "bin": "gopass-jsonapi.exe",
    "checkver": {
        "github": "https://github.com/gopasspw/gopass-jsonapi"
    },
    "autoupdate": {
        "architecture": {
            "64bit": {
                "url": "https://github.com/gopasspw/gopass-jsonapi/releases/download/v$version/gopass-jsonapi-$version-windows-amd64.zip"
            }
        },
        "hash": {
            "url": "$baseurl/gopass-jsonapi_$version_SHA256SUMS"
        }
    }
}
