{
    "version": "1.11.2",
    "description": "Release automation tool for Go projects.",
    "homepage": "https://goreleaser.com",
    "license": "MIT",
    "architecture": {
        "64bit": {
            "url": "https://github.com/goreleaser/goreleaser/releases/download/v1.11.2/goreleaser_Windows_x86_64.zip",
            "hash": "1616bb3df0ba85bd496553ff8b3f7794c1f2714a7824074954e46c59ffc27191"
        },
        "32bit": {
            "url": "https://github.com/goreleaser/goreleaser/releases/download/v1.11.2/goreleaser_Windows_i386.zip",
            "hash": "d15580694e667fdbefd1b470a2528dd3956920eeda7bb18d82f0e9cb107eb038"
        }
    },
    "bin": "goreleaser.exe",
    "checkver": {
        "github": "https://github.com/goreleaser/goreleaser/"
    },
    "autoupdate": {
        "architecture": {
            "64bit": {
                "url": "https://github.com/goreleaser/goreleaser/releases/download/v$version/goreleaser_Windows_x86_64.zip"
            },
            "32bit": {
                "url": "https://github.com/goreleaser/goreleaser/releases/download/v$version/goreleaser_Windows_i386.zip"
            }
        },
        "hash": {
            "url": "$baseurl/checksums.txt",
            "regex": "$sha256  $basename\\n"
        }
    }
}
