{
    "version": "7.5.1",
    "description": "An open-source build automation tool focused on flexibility and performance. (Binaries only without documentation)",
    "homepage": "https://gradle.org",
    "license": "Apache-2.0",
    "suggest": {
        "JDK": "java/openjdk"
    },
    "url": "https://services.gradle.org/distributions/gradle-7.5.1-bin.zip",
    "hash": "f6b8596b10cce501591e92f229816aa4046424f3b24d771751b06779d58c8ec4",
    "extract_dir": "gradle-7.5.1",
    "bin": "bin\\gradle.bat",
    "checkver": {
        "url": "https://gradle.org/install/",
        "regex": "The current Gradle release is version ([\\d.]+)"
    },
    "autoupdate": {
        "url": "https://services.gradle.org/distributions/gradle-$version-bin.zip",
        "hash": {
            "url": "$url.sha256"
        },
        "extract_dir": "gradle-$version"
    }
}
