{
    "version": "7.5.1",
    "description": "An open-source build automation tool focused on flexibility and performance. (Source code and documentation boundled)",
    "homepage": "https://gradle.org",
    "license": "Apache-2.0",
    "suggest": {
        "JDK": "java/openjdk"
    },
    "url": "https://services.gradle.org/distributions/gradle-7.5.1-all.zip",
    "hash": "db9c8211ed63f61f60292c69e80d89196f9eb36665e369e7f00ac4cc841c2219",
    "extract_dir": "gradle-7.5.1",
    "bin": "bin\\gradle.bat",
    "checkver": {
        "url": "https://gradle.org/install/",
        "regex": "The current Gradle release is version ([\\d.]+)"
    },
    "autoupdate": {
        "url": "https://services.gradle.org/distributions/gradle-$version-all.zip",
        "hash": {
            "url": "$url.sha256"
        },
        "extract_dir": "gradle-$version"
    }
}
