{
    "version": "5.2.3",
    "description": "A powerful Groovy-based web application framework for the JVM built on top of Spring Boot.",
    "homepage": "https://grails.org",
    "license": "Apache-2.0",
    "suggest": {
        "JDK": "java/openjdk"
    },
    "url": "https://github.com/grails/grails-core/releases/download/v5.2.3/grails-5.2.3.zip",
    "hash": "90594c0bde3e83d23bab3c9ab25537449e232ad0c745901e8bfc83d7ef2ad87b",
    "extract_dir": "grails-5.2.3",
    "bin": "bin\\grails.bat",
    "env_set": {
        "GRAILS_HOME": "$dir"
    },
    "checkver": {
        "url": "https://github.com/grails/grails-core/releases",
        "regex": "/grails-([\\d.]+)\\.zip"
    },
    "autoupdate": {
        "url": "https://github.com/grails/grails-core/releases/download/v$version/grails-$version.zip",
        "extract_dir": "grails-$version"
    }
}
