{
    "version": "5.0.1",
    "description": "Open source graph visualization software.",
    "homepage": "https://www.graphviz.org/",
    "license": "EPL-1.0",
    "architecture": {
        "64bit": {
            "url": "https://gitlab.com/api/v4/projects/4207231/packages/generic/graphviz-releases/5.0.1/windows_10_cmake_Release_graphviz-install-5.0.1-win64.exe#/dl.7z",
            "hash": "55e452bf782ce30f71addd786783d608357f10e4d780861f5cd2df0697f0c7c6"
        },
        "32bit": {
            "url": "https://gitlab.com/api/v4/projects/4207231/packages/generic/graphviz-releases/5.0.1/windows_10_cmake_Release_graphviz-install-5.0.1-win32.exe#/dl.7z",
            "hash": "699f36f8389a8da55e6ad8ae83917c53ebea941204bf5d0ab78aa521fd8a1e18"
        }
    },
    "bin": [
        "bin\\acyclic.exe",
        "bin\\bcomps.exe",
        "bin\\ccomps.exe",
        "bin\\dijkstra.exe",
        "bin\\dot.exe",
        "bin\\gc.exe",
        "bin\\gml2gv.exe",
        "bin\\graphml2gv.exe",
        "bin\\gvcolor.exe",
        "bin\\gvgen.exe",
        "bin\\gvpack.exe",
        "bin\\gxl2gv.exe",
        "bin\\mm2gv.exe",
        "bin\\nop.exe",
        "bin\\sccmap.exe",
        "bin\\tred.exe",
        "bin\\unflatten.exe"
    ],
    "checkver": {
        "url": "https://gitlab.com/graphviz/graphviz/-/tags?format=atom",
        "regex": "/tags/([\\d.]+)<"
    },
    "autoupdate": {
        "architecture": {
            "64bit": {
                "url": "https://gitlab.com/api/v4/projects/4207231/packages/generic/graphviz-releases/$version/windows_10_cmake_Release_graphviz-install-$version-win64.exe#/dl.7z"
            },
            "32bit": {
                "url": "https://gitlab.com/api/v4/projects/4207231/packages/generic/graphviz-releases/$version/windows_10_cmake_Release_graphviz-install-$version-win32.exe#/dl.7z"
            }
        },
        "hash": {
            "url": "$url.sha256",
            "regex": "$sha256\\s*"
        }
    }
}
