{
    "version": "1.4.0",
    "description": "A regular expression generator",
    "homepage": "https://github.com/pemistahl/grex",
    "license": "Apache-2.0",
    "architecture": {
        "64bit": {
            "url": "https://github.com/pemistahl/grex/releases/download/v1.4.0/grex-v1.4.0-x86_64-pc-windows-msvc.zip",
            "hash": "43431c3a4f06f1bd12882b092ca13b7f70f10ffd7c54f1d7c39c382a2b697eed"
        }
    },
    "bin": "grex.exe",
    "checkver": "github",
    "autoupdate": {
        "architecture": {
            "64bit": {
                "url": "https://github.com/pemistahl/grex/releases/download/v$version/grex-v$version-x86_64-pc-windows-msvc.zip"
            }
        }
    }
}
