{
    "version": "1.4.1",
    "description": "A Sudo for Windows",
    "homepage": "https://github.com/gerardog/gsudo",
    "license": "MIT",
    "url": "https://github.com/gerardog/gsudo/releases/download/v1.4.1/gsudo.v1.4.1.zip",
    "hash": "32e798114179f5fdfced822c0a12c85a3a2b47f267df4f9530b03a8e3bda01cf",
    "architecture": {
        "64bit": {
            "extract_dir": "x64"
        },
        "32bit": {
            "extract_dir": "x86"
        }
    },
    "bin": [
        [
            "gsudo.exe",
            "sudo"
        ]
    ],
    "post_install": "try { & \"$dir\\gsudo.exe\" -k 2>&1 | Out-Null } catch { info $_.Exception.Message }",
    "env_add_path": ".",
    "checkver": "github",
    "autoupdate": {
        "url": "https://github.com/gerardog/gsudo/releases/download/v$version/gsudo.v$version.zip"
    }
}
