{
    "version": "1.0.1",
    "description": "Perceptual JPEG encoder",
    "homepage": "https://github.com/google/guetzli",
    "license": "Apache-2.0",
    "architecture": {
        "64bit": {
            "url": "https://github.com/google/guetzli/releases/download/v1.0.1/guetzli_windows_x86-64.exe#/guetzli.exe",
            "hash": "bbac41d606c96cc57a94c802e581591647d6e1cfc83a97522509edbd392faeca"
        },
        "32bit": {
            "url": "https://github.com/google/guetzli/releases/download/v1.0.1/guetzli_windows_x86.exe#/guetzli.exe",
            "hash": "7fb69c00a99a9c0fd7e47f4d263b74c68a7e63405fc27784d955895e8b7f2061"
        }
    },
    "bin": "guetzli.exe",
    "checkver": "github",
    "autoupdate": {
        "architecture": {
            "64bit": {
                "url": "https://github.com/google/guetzli/releases/download/v$version/guetzli_windows_x86-64.exe#/guetzli.exe"
            },
            "32bit": {
                "url": "https://github.com/google/guetzli/releases/download/v$version/guetzli_windows_x86.exe#/guetzli.exe"
            }
        }
    }
}
