{
    "version": "0.12.0",
    "description": "Gradle/Maven wrapper",
    "homepage": "https://github.com/kordamp/gm",
    "license": "Apache-2.0",
    "architecture": {
        "64bit": {
            "url": "https://github.com/kordamp/gm/releases/download/v0.12.0/gm_Windows_x86_64.zip",
            "hash": "sha512:5f0e51eebdb782bdc92941fc5071bf656bbe59ec9611c4ffd7bb7e0bcbce652725e65df93e8d1e9f1c2ca6d6dfcc1517a3fba96ef9f6fa12c68d03ad1b235a46"
        },
        "32bit": {
            "url": "https://github.com/kordamp/gm/releases/download/v0.12.0/gm_Windows_i386.zip",
            "hash": "sha512:bd939cdf8582eee248de5819a5d09f862242e2197b5109328389cb1d0b549ea38251a328ebee6679afa0ba3a987c7c137bc9ff3836c125825147d3f434771ec3"
        }
    },
    "bin": [
        [
            "gm.exe",
            "gum"
        ]
    ],
    "checkver": "github",
    "autoupdate": {
        "architecture": {
            "64bit": {
                "url": "https://github.com/kordamp/gm/releases/download/v$version/gm_Windows_x86_64.zip"
            },
            "32bit": {
                "url": "https://github.com/kordamp/gm/releases/download/v$version/gm_Windows_i386.zip"
            }
        },
        "hash": {
            "url": "$baseurl/checksums.txt"
        }
    }
}
