{
    "version": "2.10.0",
    "description": "Dockerfile linter",
    "homepage": "https://github.com/hadolint/hadolint",
    "license": "GPL-3.0-or-later",
    "architecture": {
        "64bit": {
            "url": "https://github.com/hadolint/hadolint/releases/download/v2.10.0/hadolint-Windows-x86_64.exe#/hadolint.exe",
            "hash": "b92df05afeb7988823bb45eed84cae1d30aee041d14b9b3eef1804274a0afcd5"
        }
    },
    "bin": "hadolint.exe",
    "checkver": "github",
    "autoupdate": {
        "architecture": {
            "64bit": {
                "url": "https://github.com/hadolint/hadolint/releases/download/v$version/hadolint-Windows-x86_64.exe#/hadolint.exe"
            }
        }
    }
}
