{
    "version": "4.2.5",
    "description": "High-level, cross-platform, multi-paradigm programming language and compiler",
    "homepage": "https://haxe.org",
    "license": {
        "identifier": "MIT,Zlib,BSD-3-Clause,...",
        "url": "https://github.com/HaxeFoundation/neko/blob/master/LICENSE"
    },
    "depends": "neko",
    "architecture": {
        "64bit": {
            "url": "https://github.com/HaxeFoundation/haxe/releases/download/4.2.5/haxe-4.2.5-win64.zip",
            "hash": "9e7913999eb3693d540926219b45107b3dc249feb44204c0378fcdc6a74a9132"
        },
        "32bit": {
            "url": "https://github.com/HaxeFoundation/haxe/releases/download/4.2.5/haxe-4.2.5-win.zip",
            "hash": "5f72826af28372629b3679149af3d6c2279240dc8bd9631bf47fa5fa49266178"
        }
    },
    "pre_install": [
        "Move-Item \"$dir\\haxe_*\\*\" \"$dir\"",
        "Remove-Item \"$dir\\haxe_*\""
    ],
    "bin": [
        "haxe.exe",
        "haxelib.exe"
    ],
    "env_set": {
        "HAXEPATH": "$dir"
    },
    "env_add_path": ".",
    "persist": "lib",
    "checkver": {
        "github": "https://github.com/HaxeFoundation/haxe"
    },
    "autoupdate": {
        "architecture": {
            "64bit": {
                "url": "https://github.com/HaxeFoundation/haxe/releases/download/$version/haxe-$version-win64.zip"
            },
            "32bit": {
                "url": "https://github.com/HaxeFoundation/haxe/releases/download/$version/haxe-$version-win.zip"
            }
        }
    }
}
