{
    "version": "3.9.4",
    "description": "The package manager for Kubernetes",
    "homepage": "https://helm.sh",
    "license": "Apache-2.0",
    "architecture": {
        "64bit": {
            "url": "https://get.helm.sh/helm-v3.9.4-windows-amd64.zip",
            "hash": "7cdc1342bc1863b6d5ce695fbef4d3b0d65c7c5bcef6ec6adf8fc9aa53821262",
            "extract_dir": "windows-amd64"
        }
    },
    "bin": "helm.exe",
    "checkver": {
        "url": "https://github.com/kubernetes/helm/releases",
        "regex": "/tag/v(3\\.[\\d.]+)\""
    },
    "autoupdate": {
        "architecture": {
            "64bit": {
                "url": "https://get.helm.sh/helm-v$version-windows-amd64.zip"
            }
        },
        "hash": {
            "url": "$url.sha256"
        }
    }
}
