{
    "version": "0.145.4",
    "description": "Command line interface to deploy Kubernetes Helm Charts.",
    "homepage": "https://github.com/helmfile/helmfile",
    "license": "MIT",
    "architecture": {
        "64bit": {
            "url": "https://github.com/helmfile/helmfile/releases/download/v0.145.4/helmfile_0.145.4_windows_amd64.tar.gz",
            "hash": "737074494a73ddd8dfcabe2cc6622f491fee63cf8382a3857ce6cbbda50fd213"
        },
        "32bit": {
            "url": "https://github.com/helmfile/helmfile/releases/download/v0.145.4/helmfile_0.145.4_windows_386.tar.gz",
            "hash": "57769ad14507a21e7d79486735bbda4bd9a8a3213d10326be6e2d96e43f8f385"
        }
    },
    "bin": "helmfile.exe",
    "checkver": "github",
    "autoupdate": {
        "architecture": {
            "64bit": {
                "url": "https://github.com/helmfile/helmfile/releases/download/v$version/helmfile_$version_windows_amd64.tar.gz"
            },
            "32bit": {
                "url": "https://github.com/helmfile/helmfile/releases/download/v$version/helmfile_$version_windows_386.tar.gz"
            }
        },
        "hash": {
            "url": "$baseurl/helmfile_$version_checksums.txt"
        }
    }
}
