{
    "version": "7.63.0",
    "description": "An essential part of using Heroku, which can perform nearly any Heroku-related task right from your terminal.",
    "homepage": "https://devcenter.heroku.com/articles/heroku-cli",
    "license": "ISC",
    "architecture": {
        "64bit": {
            "url": "https://cli-assets.heroku.com/heroku-win32-x64.tar.xz#/dl.xz",
            "hash": "15b78263b3822c35e44c884c20384f5174d29852c73f1606d1af02271408da32"
        },
        "32bit": {
            "url": "https://cli-assets.heroku.com/heroku-win32-x86.tar.xz#/dl.xz",
            "hash": "f62afcd7042fb378ed17372a9bd76798f4a412c67d5230d119fda5e09a713a7b"
        }
    },
    "pre_install": [
        "Invoke-ExternalCommand (Get-HelperPath '7zip') -ArgumentList @(",
        "    'x'",
        "    \"$dir\\dl\"",
        "    \"-o$dir\\dlo\"",
        "    '-bso0'",
        "    '-bd'",
        "    '-bse0'",
        ") -ContinueExitCodes @{ 2 = 'Can not create symlink while running from un-elevated prompt. Installation is not affected.'} | Out-Null",
        "Move-Item \"$dir\\dlo\\heroku\\*\" \"$dir\"",
        "Remove-Item \"$dir\\dl*\" -Recurse"
    ],
    "bin": "bin\\heroku.cmd",
    "checkver": {
        "url": "https://cli-assets.heroku.com/version",
        "jsonpath": "$.version"
    },
    "autoupdate": {
        "architecture": {
            "64bit": {
                "url": "https://cli-assets.heroku.com/heroku-win32-x64.tar.xz#/dl.xz",
                "hash": {
                    "url": "https://cli-assets.heroku.com/win32-x64",
                    "jsonpath": "$.sha256xz"
                }
            },
            "32bit": {
                "url": "https://cli-assets.heroku.com/heroku-win32-x86.tar.xz#/dl.xz",
                "hash": {
                    "url": "https://cli-assets.heroku.com/win32-x86",
                    "jsonpath": "$.sha256xz"
                }
            }
        }
    }
}
