{
    "version": "1.27",
    "description": "Lightweight, portable and dependable accounting tools",
    "homepage": "https://hledger.org",
    "license": "GPL-3.0-only",
    "architecture": {
        "64bit": {
            "url": "https://github.com/simonmichael/hledger/releases/download/1.27/hledger-windows-x64.zip",
            "hash": "7eb98fff2f992325d9ed8bee613aa689352c7f5449e6dba7ea4132da30c14401"
        }
    },
    "bin": [
        "hledger.exe",
        "hledger-web.exe"
    ],
    "checkver": {
        "github": "https://github.com/simonmichael/hledger"
    },
    "autoupdate": {
        "architecture": {
            "64bit": {
                "url": "https://github.com/simonmichael/hledger/releases/download/$version/hledger-windows-x64.zip"
            }
        }
    }
}
