{
    "version": "0.3.4",
    "description": "Scans all running processes. Recognizes and dumps a variety of potentially malicious implants (replaced/injected PEs, shellcodes, hooks, in-memory patches).",
    "homepage": "https://hshrzd.wordpress.com/pe-sieve/",
    "license": "BSD-2-Clause",
    "architecture": {
        "64bit": {
            "url": "https://github.com/hasherezade/hollows_hunter/releases/download/v0.3.4/hollows_hunter64.zip",
            "hash": "cef6a6300f5275cc16d6b8ef9bed943eed3e2214f706148a330c355cd1182c63"
        },
        "32bit": {
            "url": "https://github.com/hasherezade/hollows_hunter/releases/download/v0.3.4/hollows_hunter32.zip",
            "hash": "6c7498fa3bceda6820782fcdefa256db73be3335c5167fe041f27c388979413a"
        }
    },
    "bin": [
        "hollows_hunter.exe",
        [
            "hollows_hunter.exe",
            "hollows-hunter"
        ]
    ],
    "checkver": {
        "github": "https://github.com/hasherezade/hollows_hunter"
    },
    "autoupdate": {
        "architecture": {
            "64bit": {
                "url": "https://github.com/hasherezade/hollows_hunter/releases/download/v$version/hollows_hunter64.zip"
            },
            "32bit": {
                "url": "https://github.com/hasherezade/hollows_hunter/releases/download/v$version/hollows_hunter32.zip"
            }
        }
    }
}
