{
    "version": "0.102.3",
    "description": "Speedy and flexible static site generator. (with Sass/SCSS support)",
    "homepage": "https://gohugo.io",
    "license": "Apache-2.0",
    "architecture": {
        "64bit": {
            "url": "https://github.com/gohugoio/hugo/releases/download/v0.102.3/hugo_extended_0.102.3_windows-64bit.zip",
            "hash": "6cc19d717439d377e94d9d935d3e02de5bbdb1cebf28f8b680e89101878d1197"
        }
    },
    "bin": "hugo.exe",
    "checkver": {
        "github": "https://github.com/gohugoio/hugo"
    },
    "autoupdate": {
        "architecture": {
            "64bit": {
                "url": "https://github.com/gohugoio/hugo/releases/download/v$version/hugo_extended_$version_windows-64bit.zip"
            }
        },
        "hash": {
            "url": "$baseurl/hugo_$version_checksums.txt"
        }
    }
}
