{
    "version": "6.2.9",
    "description": "The scalable code generator that saves you time",
    "homepage": "https://www.hygen.io/",
    "license": "MIT",
    "url": "https://github.com/jondot/hygen/releases/download/v6.2.9/hygen.win.exe.v6.2.9.zip",
    "hash": "f86f5bfe7b4fcd3b37eb8ed997658ba502db4b6dd833a68d516c3a8e8613cf08",
    "bin": "hygen.exe",
    "checkver": {
        "github": "https://github.com/jondot/hygen"
    },
    "autoupdate": {
        "url": "https://github.com/jondot/hygen/releases/download/v$version/hygen.win.exe.v$version.zip"
    }
}
