{
    "version": "1.14.0",
    "description": "A command-line benchmarking tool",
    "homepage": "https://github.com/sharkdp/hyperfine",
    "license": "Apache-2.0",
    "architecture": {
        "64bit": {
            "url": "https://github.com/sharkdp/hyperfine/releases/download/v1.14.0/hyperfine-v1.14.0-x86_64-pc-windows-msvc.zip",
            "hash": "0e38512f7c731044629b5bb9f78f3d348a5906be43548c65b3c459333964dc0a",
            "extract_dir": "hyperfine-v1.14.0-x86_64-pc-windows-msvc"
        },
        "32bit": {
            "url": "https://github.com/sharkdp/hyperfine/releases/download/v1.14.0/hyperfine-v1.14.0-i686-pc-windows-msvc.zip",
            "hash": "7b3dbcfbb6b26f28e132abc8d1dd53b1fbcb8b9c678ed031504de01ad5de28ff",
            "extract_dir": "hyperfine-v1.14.0-i686-pc-windows-msvc"
        }
    },
    "bin": "hyperfine.exe",
    "checkver": "github",
    "autoupdate": {
        "architecture": {
            "64bit": {
                "url": "https://github.com/sharkdp/hyperfine/releases/download/v$version/hyperfine-v$version-x86_64-pc-windows-msvc.zip",
                "extract_dir": "hyperfine-v$version-x86_64-pc-windows-msvc"
            },
            "32bit": {
                "url": "https://github.com/sharkdp/hyperfine/releases/download/v$version/hyperfine-v$version-i686-pc-windows-msvc.zip",
                "extract_dir": "hyperfine-v$version-i686-pc-windows-msvc"
            }
        }
    }
}
