{
    "version": "2.10.0",
    "description": "The command line client for IBM Cloud",
    "homepage": "https://www.ibm.com/cloud/cli",
    "license": {
        "identifier": "Apache-2.0",
        "url": "https://cloud.ibm.com/media/docs/downloads/oss-licensing-info/IBMCloud-CLI-OSS-Licenses.txt"
    },
    "architecture": {
        "64bit": {
            "url": "https://download.clis.cloud.ibm.com/ibm-cloud-cli/2.10.0/binaries/IBM_Cloud_CLI_2.10.0_windows_amd64.zip",
            "hash": "784ef6b78134f65cd2cac7951aba032a3b6234282f8023a9bb6692bff74485c6"
        },
        "32bit": {
            "url": "https://download.clis.cloud.ibm.com/ibm-cloud-cli/2.10.0/binaries/IBM_Cloud_CLI_2.10.0_windows_386.zip",
            "hash": "0a683c927349b6064c2e23f6048cea086b3554b9a943761fbdf4ae5102371612"
        }
    },
    "extract_dir": "IBM_Cloud_CLI",
    "bin": "ibmcloud.exe",
    "env_set": {
        "IBMCLOUD_HOME": "$dir\\config"
    },
    "persist": "config",
    "checkver": {
        "url": "https://download.clis.cloud.ibm.com/ibm-cloud-cli-metadata/info.json",
        "jsonpath": "$.latest_version"
    },
    "autoupdate": {
        "architecture": {
            "64bit": {
                "url": "https://download.clis.cloud.ibm.com/ibm-cloud-cli/$version/binaries/IBM_Cloud_CLI_$version_windows_amd64.zip"
            },
            "32bit": {
                "url": "https://download.clis.cloud.ibm.com/ibm-cloud-cli/$version/binaries/IBM_Cloud_CLI_$version_windows_386.zip"
            }
        }
    }
}
