{
    "version": "1.14-3",
    "description": "Convert characters from one code set to another.",
    "homepage": "http://www.mingw.org/",
    "license": "GPL-3.0-or-later",
    "url": [
        "https://downloads.sourceforge.net/project/mingw/MinGW/Base/libiconv/libiconv-1.14-3/libiconv-1.14-3-mingw32-bin.tar.lzma",
        "https://downloads.sourceforge.net/project/mingw/MinGW/Base/libiconv/libiconv-1.14-3/libiconv-1.14-3-mingw32-dll.tar.lzma",
        "https://downloads.sourceforge.net/project/mingw/MinGW/Base/gettext/gettext-0.18.3.1-1/gettext-0.18.3.1-1-mingw32-dll.tar.lzma",
        "https://downloads.sourceforge.net/project/mingw/MinGW/Base/gcc/Version4/gcc-4.8.1-4/gcc-core-4.8.1-4-mingw32-dll.tar.lzma",
        "https://downloads.sourceforge.net/project/mingw/MinGW/Base/mpc/mpc-1.0.1-2/mpc-1.0.1-2-mingw32-dll.tar.lzma",
        "https://downloads.sourceforge.net/project/mingw/MinGW/Base/mpfr/mpfr-3.1.2-2/mpfr-3.1.2-2-mingw32-dll.tar.lzma",
        "https://downloads.sourceforge.net/project/mingw/MinGW/Base/gmp/gmp-5.1.2/gmp-5.1.2-1-mingw32-dll.tar.lzma"
    ],
    "hash": [
        "sha1:ce3c2e774ff1717a7540b5a75ac87cf486bc1117",
        "sha1:ec01ecc0c17e1222b2d49c58bda652529a4e3397",
        "sha1:29345d047d444e3ebf407abd30051bea7078d711",
        "sha1:4c5054a1d94521901d6f63516e7d6b33709b0806",
        "sha1:d28a9a9465078b391e2e4c255daf156f7974bb1f",
        "sha1:7ea04507b0fc1e8985249db4017c6beebf30339e",
        "sha1:e2f6695555afd1b7e0859299ec54a4bcdd82f724"
    ],
    "bin": "bin\\iconv.exe"
}
