{
    "version": "7.1.0",
    "description": "Create, edit, compose, and convert 200+ of bitmap images formats.",
    "homepage": "https://imagemagick.org/",
    "license": "ImageMagick",
    "architecture": {
        "64bit": {
            "url": "https://imagemagick.org/archive/binaries/ImageMagick-7.1.0-portable-Q16-HDRI-x64.zip",
            "hash": "d9295e32bd90bb4b9b8b2816b4662533770adac1f5e4189c5cb97dec7e1bbc4c"
        },
        "32bit": {
            "url": "https://imagemagick.org/archive/binaries/ImageMagick-7.1.0-portable-Q16-HDRI-x86.zip",
            "hash": "fdd0c4f1794adf3cf0d3a70e9cd2b2bef25fd3eafd83dc196f5ab8959445418a"
        }
    },
    "bin": [
        "magick.exe",
        "dcraw.exe",
        "IMDisplay.exe"
    ],
    "notes": [
        "- This manifest contains the barebones ImageMagick installation.",
        "- For appropriate programming DLLs and environment variables, install 'imagemagick' instead."
    ],
    "checkver": {
        "url": "https://imagemagick.org/archive/binaries/?C=N;O=D",
        "regex": "ImageMagick-([\\d.-]+)-portable-Q16-HDRI-x64\\.zip\\.asc"
    },
    "autoupdate": {
        "architecture": {
            "64bit": {
                "url": "https://imagemagick.org/archive/binaries/ImageMagick-$version-portable-Q16-HDRI-x64.zip"
            },
            "32bit": {
                "url": "https://imagemagick.org/archive/binaries/ImageMagick-$version-portable-Q16-HDRI-x86.zip"
            }
        },
        "hash": {
            "mode": "rdf",
            "url": "https://imagemagick.org/archive/binaries/digest.rdf"
        }
    }
}
