{
    "version": "7.1.0-47",
    "description": "Create, edit, compose, and convert 200+ of bitmap images formats.",
    "homepage": "https://imagemagick.org/",
    "license": "ImageMagick",
    "architecture": {
        "64bit": {
            "url": "https://imagemagick.org/archive/binaries/ImageMagick-7.1.0-47-Q16-HDRI-x64-dll.exe",
            "hash": "3c4de8551ece654d26ea35fe50c0df1c54476bde8fbcb6d4f0dc232228ea36f0"
        },
        "32bit": {
            "url": "https://imagemagick.org/archive/binaries/ImageMagick-7.1.0-47-Q16-HDRI-x86-dll.exe",
            "hash": "0169dfca772cec70f151820a758475527b8a1b5b5ec6fbbc80846164c437af44"
        }
    },
    "innosetup": true,
    "env_set": {
        "MAGICK_HOME": "$dir",
        "MAGICK_CONFIGURE_PATH": "$dir",
        "MAGICK_CODER_MODULE_PATH": "$dir\\modules\\coders"
    },
    "env_add_path": ".",
    "post_install": "Rename-Item $dir\\ffmpeg.exe $dir\\ffmpeg.exe.old",
    "notes": [
        "- The bundled ffmpeg has been renamed to 'ffmpeg.exe.old' to prevent conflict with a standalone ffmpeg installation - if you need it for ImageMagick tools, rename it back to 'ffmpeg.exe'.",
        "- 'convert.exe' is deprecated in v7 (it also conflicts with the builtin Windows 'convert' utility). Use 'magick convert ...' instead."
    ],
    "checkver": {
        "url": "https://imagemagick.org/archive/binaries/?C=N;O=D",
        "regex": "ImageMagick-([\\d.-]+)-Q16-HDRI-x64-dll\\.exe\\.asc"
    },
    "autoupdate": {
        "architecture": {
            "64bit": {
                "url": "https://imagemagick.org/archive/binaries/ImageMagick-$matchHead$matchTail-Q16-HDRI-x64-dll.exe"
            },
            "32bit": {
                "url": "https://imagemagick.org/archive/binaries/ImageMagick-$matchHead$matchTail-Q16-HDRI-x86-dll.exe"
            }
        },
        "hash": {
            "mode": "rdf",
            "url": "https://imagemagick.org/archive/binaries/digest.rdf"
        }
    }
}
