{
    "version": "2.4.0",
    "description": "Scalable datastore for metrics, events, and real-time analytics.",
    "homepage": "https://www.influxdata.com/",
    "license": "MIT",
    "notes": [
        "InfluxDB v1 has been moved to 'Versions' bucket, use 'scoop install versions/influxdb1' to install it.",
        "For CLI, please install 'influx'."
    ],
    "architecture": {
        "64bit": {
            "url": "https://dl.influxdata.com/influxdb/releases/influxdb2-2.4.0-windows-amd64.zip",
            "hash": "07769bd83e5f211490e1d3dac3cfc0cb674a25edc860137f5df444856308fa4e",
            "extract_dir": "influxdb2_windows_amd64"
        }
    },
    "bin": "influxd.exe",
    "checkver": {
        "url": "https://portal.influxdata.com/versions.json",
        "jsonpath": "$.influxdb2.version",
        "regex": "([\\d.]+)"
    },
    "autoupdate": {
        "architecture": {
            "64bit": {
                "url": "https://dl.influxdata.com/influxdb/releases/influxdb2-$version-windows-amd64.zip",
                "hash": {
                    "url": "https://portal.influxdata.com/versions.json",
                    "jsonpath": "$.influxdb2.downloads[?(@.platform =~ /^Windows/)].sha256"
                }
            }
        }
    }
}
