{
    "version": "5.9.11",
    "description": "Build Automation in PowerShell",
    "homepage": "https://github.com/nightroman/Invoke-Build",
    "license": "Apache-2.0",
    "url": "https://nuget.org/api/v2/package/Invoke-Build/5.9.11#/dl.7z",
    "hash": "d7c630e42b887d6d2aa1748e5b6b8daa80d40930d971e1b2bd5dfa7c02c4c139",
    "extract_dir": "tools",
    "env_add_path": ".",
    "checkver": {
        "url": "https://github.com/nightroman/Invoke-Build/tags",
        "regex": "releases/tag/v([\\d.]+)"
    },
    "autoupdate": {
        "url": "https://nuget.org/api/v2/package/Invoke-Build/$version#/dl.7z"
    }
}
