{
    "version": "1.24.1",
    "description": "Lisp-like, embeddable, functional and imperative programming language and bytecode interpreter",
    "homepage": "https://janet-lang.org",
    "license": "MIT",
    "architecture": {
        "64bit": {
            "url": "https://github.com/janet-lang/janet/releases/download/v1.24.1/janet-1.24.1-windows-x64-installer.msi",
            "hash": "72ed393c28363412099e68999e1dbf02162a043bfde6938f70cba8d59edae356"
        }
    },
    "extract_dir": "Janet",
    "persist": "Library",
    "env_set": {
        "JANET_PATH": "$persist_dir\\Library"
    },
    "bin": "bin\\janet.exe",
    "checkver": {
        "github": "https://github.com/janet-lang/janet"
    },
    "autoupdate": {
        "architecture": {
            "64bit": {
                "url": "https://github.com/janet-lang/janet/releases/download/v$version/janet-$version-windows-x64-installer.msi"
            }
        }
    }
}
