{
    "version": "1.16.0-202209010336",
    "description": "Java language server",
    "homepage": "https://projects.eclipse.org/projects/eclipse.jdt.ls",
    "license": "EPL-2.0",
    "suggest": {
        "JDK": "java/openjdk",
        "Python": "python"
    },
    "url": "https://download.eclipse.org/jdtls/snapshots/jdt-language-server-1.16.0-202209010336.tar.gz",
    "hash": "15a1fe3d4fed14de36dfe4f4017100f6df6d269b16c173561e8de004c5765d0c",
    "installer": {
        "script": "shim (search_in_path python.exe) $global jdtls \"$dir\\bin\\jdtls\""
    },
    "uninstaller": {
        "script": "rm_shim jdtls (shimdir $global) jdtls"
    },
    "checkver": {
        "url": "https://download.eclipse.org/jdtls/snapshots/latest.txt",
        "regex": "jdt-language-server-([\\d.]+)-(\\d+)",
        "replace": "${1}-${2}"
    },
    "autoupdate": {
        "url": "https://download.eclipse.org/jdtls/snapshots/jdt-language-server-$match1-$match2.tar.gz",
        "hash": {
            "url": "$url.sha256"
        }
    }
}
