{
    "version": "2.366",
    "description": "An automation server which enables developers around the world to reliably build, test, and deploy their software.",
    "homepage": "https://www.jenkins.io",
    "license": "MIT",
    "suggest": {
        "Java 8": "java/oraclejre8",
        "Java 11": "java/openjdk11"
    },
    "url": "https://get.jenkins.io/war/2.366/jenkins.war#/jenkins.jar",
    "hash": "b003b8f36279c1ae5e9735971251e13004b4329afbe4802696e5bbda26d66d7a",
    "bin": "jenkins.jar",
    "checkver": {
        "url": "https://www.jenkins.io/changelog/rss.xml",
        "xpath": "/rss/channel/item/title",
        "regex": "Jenkins ([\\d.]+)"
    },
    "autoupdate": {
        "url": "https://get.jenkins.io/war/$version/jenkins.war#/jenkins.jar",
        "hash": {
            "url": "$url.sha256"
        }
    }
}
