{
    "version": "2.25.3",
    "description": "Command line interface for Artifactory and Bintray",
    "homepage": "https://jfrog.com/getcli/",
    "license": "Apache-2.0",
    "architecture": {
        "64bit": {
            "url": "https://releases.jfrog.io/artifactory/jfrog-cli/v2/2.25.3/jfrog-cli-windows-amd64/jfrog.exe",
            "hash": "9dc852562bea5f4e70a7d9a940645ae5d25f37f9a194c5075197d5d3b1772a54"
        }
    },
    "bin": "jfrog.exe",
    "checkver": {
        "url": "https://github.com/jfrog/jfrog-cli/releases",
        "regex": "tag/v(2\\.[\\d.]+)"
    },
    "autoupdate": {
        "architecture": {
            "64bit": {
                "url": "https://releases.jfrog.io/artifactory/jfrog-cli/v$majorVersion/$version/jfrog-cli-windows-amd64/jfrog.exe"
            }
        },
        "hash": {
            "url": "$url.sha256"
        }
    }
}
