{
    "version": "9.3.7.0",
    "description": "The Ruby Programming Language on the JVM.",
    "homepage": "https://www.jruby.org/",
    "license": {
        "identifier": "EPL-1.0|GPL-2.0-only|LGPL-2.1-only",
        "url": "https://github.com/jruby/jruby/blob/master/COPYING"
    },
    "notes": [
        "Install a JDK and set JAVA_HOME if you don't already have. JRuby won't work without it.",
        "Also note that this installation overrides GEM_HOME and GEM_PATH from any previous Ruby or JRuby installation."
    ],
    "suggest": {
        "JDK": "java/openjdk"
    },
    "url": "https://s3.amazonaws.com/jruby.org/downloads/9.3.7.0/jruby-bin-9.3.7.0.zip",
    "hash": "07eef28b2024b9180927cda558e2c5e2f21757499dfabcfff812adce086a5ad0",
    "extract_dir": "jruby-9.3.7.0",
    "env_add_path": [
        "bin",
        "gems\\bin"
    ],
    "env_set": {
        "JRUBY_HOME": "$dir",
        "GEM_HOME": "$dir\\gems",
        "GEM_PATH": "$dir\\gems"
    },
    "persist": "gems",
    "checkver": {
        "url": "https://www.jruby.org/download",
        "regex": "Current Release:\\s+JRuby\\s+([\\d.]+)"
    },
    "autoupdate": {
        "url": "https://s3.amazonaws.com/jruby.org/downloads/$version/jruby-bin-$version.zip",
        "hash": {
            "url": "$url.sha256"
        },
        "extract_dir": "jruby-$version"
    }
}
