{
    "version": "1.8.0",
    "description": "A programming language that is a fresh approach to technical computing.",
    "homepage": "https://julialang.org",
    "license": "MIT",
    "architecture": {
        "64bit": {
            "url": "https://julialang-s3.julialang.org/bin/winnt/x64/1.8/julia-1.8.0-win64.zip",
            "hash": "4d86fda9a7ab67308d124899b73fdd5ed3ee9feae7490d78e0371ce588578184",
            "extract_dir": "julia-1.8.0"
        },
        "32bit": {
            "url": "https://julialang-s3.julialang.org/bin/winnt/x86/1.8/julia-1.8.0-win32.zip",
            "hash": "e5987ce8cdabdb208a25e45b842a0b0ab7bd6d5a12591d1bded4f3d03c7da0bf",
            "extract_dir": "julia-1.8.0"
        }
    },
    "bin": "bin\\julia.exe",
    "checkver": {
        "url": "https://julialang.org/downloads/",
        "regex": "Current stable release: v([\\d.]+)"
    },
    "autoupdate": {
        "architecture": {
            "64bit": {
                "url": "https://julialang-s3.julialang.org/bin/winnt/x64/$majorVersion.$minorVersion/julia-$version-win64.zip",
                "extract_dir": "julia-$version"
            },
            "32bit": {
                "url": "https://julialang-s3.julialang.org/bin/winnt/x86/$majorVersion.$minorVersion/julia-$version-win32.zip",
                "extract_dir": "julia-$version"
            }
        },
        "hash": {
            "url": "https://julialang-s3.julialang.org/bin/checksums/julia-$version.sha256"
        }
    },
    "shortcuts": [
        [
            "bin\\julia.exe",
            "Julia"
        ]
    ]
}
