{
    "version": "1.4.0",
    "description": "A command runner written in rust",
    "homepage": "https://just.systems",
    "license": "CC0-1.0",
    "architecture": {
        "64bit": {
            "url": "https://github.com/casey/just/releases/download/1.4.0/just-1.4.0-x86_64-pc-windows-msvc.zip",
            "hash": "daa1b1408b12fcec48301f898612050e97266aef3cbc689f247a3a0db5980ddb"
        }
    },
    "bin": "just.exe",
    "checkver": {
        "github": "https://github.com/casey/just"
    },
    "autoupdate": {
        "architecture": {
            "64bit": {
                "url": "https://github.com/casey/just/releases/download/$version/just-$version-x86_64-pc-windows-msvc.zip"
            }
        }
    }
}
