{
    "version": "3.4.19",
    "description": "A command line tool for installing and using Jenkins X",
    "homepage": "https://github.com/jenkins-x/jx",
    "license": "Apache-2.0",
    "architecture": {
        "64bit": {
            "url": "https://github.com/jenkins-x/jx/releases/download/v3.4.19/jx-windows-amd64.zip",
            "hash": "81f0936bcd3e38c48f4d5b0ce4e53b78623cc7895abbc7b69a08733da4b10f41"
        }
    },
    "pre_install": "Stop-Process -Name 'jx' -ErrorAction 'Ignore' -Verbose",
    "bin": "jx.exe",
    "checkver": "github",
    "autoupdate": {
        "architecture": {
            "64bit": {
                "url": "https://github.com/jenkins-x/jx/releases/download/v$version/jx-windows-amd64.zip"
            }
        },
        "hash": {
            "url": "$baseurl/jx-checksums.txt"
        }
    }
}
