{
    "version": "1.24.4+k0s.0",
    "description": "Zero Friction Kubernetes distribution",
    "homepage": "https://github.com/k0sproject/k0s",
    "license": "Apache-2.0",
    "architecture": {
        "64bit": {
            "url": "https://github.com/k0sproject/k0s/releases/download/v1.24.4+k0s.0/k0s-v1.24.4+k0s.0-amd64.exe#/k0s.exe",
            "hash": "c82ec064f1b17465208c6ae235ea5e2c649a8d82a7dec5304c31079ed9c5893b"
        }
    },
    "bin": "k0s.exe",
    "checkver": {
        "url": "https://github.com/k0sproject/k0s/releases",
        "regex": "v([\\d.]+\\+k0s[\\d.]+)"
    },
    "autoupdate": {
        "architecture": {
            "64bit": {
                "url": "https://github.com/k0sproject/k0s/releases/download/v$version/k0s-v$version-amd64.exe#/k0s.exe"
            }
        }
    }
}
