{
    "version": "5.4.6",
    "description": "Creates multi-node k3s cluster on a single machine using docker",
    "homepage": "https://github.com/rancher/k3d",
    "license": "MIT",
    "suggest": {
        "docker": [
            "docker",
            "docker-nightly",
            "docker-machine"
        ]
    },
    "architecture": {
        "64bit": {
            "url": "https://github.com/rancher/k3d/releases/download/v5.4.6/k3d-windows-amd64.exe#/k3d.exe",
            "hash": "00c2279d4e27e5ac7990c6d44e5cf71db3dcb2bec00e309441cb31540ef1d94b"
        }
    },
    "bin": "k3d.exe",
    "checkver": "github",
    "autoupdate": {
        "architecture": {
            "64bit": {
                "url": "https://github.com/rancher/k3d/releases/download/v$version/k3d-windows-amd64.exe#/k3d.exe"
            }
        }
    }
}
