{
    "version": "0.26.3",
    "description": "Kubernetes Clusters manager",
    "homepage": "https://github.com/derailed/k9s",
    "license": "Apache-2.0",
    "architecture": {
        "64bit": {
            "url": "https://github.com/derailed/k9s/releases/download/v0.26.3/k9s_Windows_x86_64.tar.gz",
            "hash": "399f2d9f5934b6b4b0a3d192808f88b7c2432162fad2a08ad9ef8c25ef097e94"
        }
    },
    "bin": "k9s.exe",
    "checkver": "github",
    "autoupdate": {
        "architecture": {
            "64bit": {
                "url": "https://github.com/derailed/k9s/releases/download/v$version/k9s_Windows_x86_64.tar.gz"
            }
        },
        "hash": {
            "url": "$baseurl/checksums.txt"
        }
    }
}
