{
    "version": "0.2.3",
    "description": "Modern CLI for Apache Kafka",
    "homepage": "https://github.com/birdayz/kaf",
    "license": "Apache-2.0",
    "architecture": {
        "64bit": {
            "url": "https://github.com/birdayz/kaf/releases/download/v0.2.3/kaf_0.2.3_Windows_x86_64.tar.gz",
            "hash": "a9ba54ec0f7ab9aa84c477e4c817b8c85ce72e0b1257bb0c38386f87e98ab818"
        }
    },
    "bin": "kaf.exe",
    "checkver": "github",
    "autoupdate": {
        "architecture": {
            "64bit": {
                "url": "https://github.com/birdayz/kaf/releases/download/v$version/kaf_$version_Windows_x86_64.tar.gz"
            }
        },
        "hash": {
            "url": "$baseurl/checksums.txt"
        }
    }
}
